Index,2017_12,2017_11,2017_10,2017_09,2017_08,2017_07,2017_06,2017_05,2017_04,2017_03,2017_02,2017_01,2016_12,2016_11,2016_10,2016_09,2016_08,2016_07,2016_06,2016_05,2016_04,2016_03,2016_02,2016_01,2015_12,2015_11,2015_10,2015_09,2015_08,2015_07,2015_06,2015_05,2015_04,2015_03,2015_02,2015_01,2014_12,2014_11,2014_10,2014_09,2014_08,2014_07,2014_06,2014_05,2014_04,2014_03,2014_02,2014_01,2013_12,2013_11,2013_10,2013_09,2013_08,2013_07,2013_06,2013_05,2013_04,2013_03,2013_02,2013_01,2012_12,2012_11,2012_10,2012_09,2012_08,2012_07,2012_06,2012_05,2012_04,2012_03,2012_02,2012_01,2011_12,2011_11,2011_10,2011_09,2011_08,2011_07,2011_06,2011_05,2011_04,2011_03,2011_02,2011_01,2010_12,2010_11,2010_10,2010_09,2010_08,2010_07,2010_06,2010_05,2010_04,2010_03,2010_02,2010_01,2009_12,2009_11,2009_10,2009_09,2009_08,2009_07,2009_06,2009_05,2009_04,2009_03,2009_02,2009_01,2008_12,2008_11,2008_10,2008_09,2008_08,2008_07,2008_06,2008_05,2008_04,2008_03,2008_02,2008_01,2007_12,2007_11,2007_10,2007_09,2007_08,2007_07,2007_06,2007_05,2007_04,2007_03,2007_02,2007_01,2006_12,2006_11,2006_10,2006_09,2006_08,2006_07,2006_06,2006_05,2006_04,2006_03,2006_02,2006_01,2005_12,2005_11,2005_10,2005_09,2005_08,2005_07,2005_06,2005_05,2005_04,2005_03,2005_02,2005_01,2004_12,2004_11,2004_10,2004_09,2004_08,2004_07,2004_06,2004_05,2004_04,2004_03,2004_02,2004_01,2003_12,2003_11,2003_10,2003_09,2003_08,2003_07,2003_06,2003_05,2003_04,2003_03,2003_02,2003_01,2002_12,2002_11,2002_10,2002_09,2002_08,2002_07,2002_06,2002_05,2002_04,2002_03,2002_02,2002_01,2001_12,2001_11,2001_10,2001_09,2001_08,2001_07,2001_06,2001_05,2001_04,2001_03,2001_02,2001_01,2000_12,2000_11,2000_10,2000_09,2000_08,2000_07,2000_06,2000_05,2000_04,2000_03,2000_02,2000_01,1999_12,1999_11,1999_10,1999_09,1999_08,1999_07,1999_06,1999_05,1999_04,1999_03,1999_02,1999_01,1998_12,1998_11,1998_10,1998_09,1998_08,1998_07,1998_06,1998_05,1998_04,1998_03,1998_02,1998_01,1997_12,1997_11,1997_10,1997_09,1997_08,1997_07,1997_06,1997_05,1997_04,1997_03,1997_02,1997_01,1996_12,1996_11
1,0,0,0,0,0,0,2,0,0,1,1,0,0,1,1,0,0,0,1,0,0,0,0,2,0,0,0,0,0,0,0,0,0,0,0,0,0,0,0,0,0,0,1,0,0,0,0,1,0,0,0,0,0,0,0,1,0,0,0,0,0,0,0,0,0,1,0,1,0,0,0,0,0,0,0,0,0,0,0,0,0,0,0,1,0,0,0,0,0,0,0,0,0,0,0,0,0,0,0,0,0,0,1,0,0,0,0,0,1,0,0,0,0,0,0,0,0,0,0,0,0,0,1,0,0,0,0,0,0,0,0,0,0,0,0,0,0,0,0,0,0,0,0,0,0,0,0,0,0,0,0,0,0,0,0,0,0,0,0,0,0,0,0,0,0,0,0,0,2,0,1,0,0,0,0,0,0,1,1,0,0,1,0,0,0,0,0,0,0,0,0,0,1,0,0,0,0,0,0,0,0,0,1,0,0,0,1,1,0,0,0,0,0,1,0,0,0,0,1,0,0,0,0,0,0,0,0,0,0,0,0,0,1,0,0,0,0,0,0,1,0,0,0,1,0,0,0,0,0,0,0,0,0,0
2,0,0,0,0,1,0,0,0,0,0,0,0,0,0,0,0,0,0,0,0,0,0,0,3,0,1,0,0,0,0,1,0,1,0,0,0,1,0,0,0,0,0,0,0,0,0,0,1,0,0,0,0,0,0,0,0,0,0,0,1,1,0,1,2,0,0,0,0,1,0,0,0,1,0,0,0,0,0,0,0,1,2,0,0,1,0,0,1,0,0,0,0,0,0,1,0,0,0,0,0,0,0,1,0,0,0,0,1,2,0,0,0,0,1,0,0,1,0,0,0,0,1,1,0,0,0,0,1,0,0,0,0,0,0,0,1,0,0,0,0,0,0,0,0,0,0,0,0,0,0,0,0,0,1,0,0,0,1,0,1,0,0,0,1,0,0,0,0,0,1,0,0,0,3,0,0,0,0,0,0,0,0,0,0,0,0,0,0,1,0,0,1,0,0,1,0,0,0,0,0,2,0,1,0,0,0,0,0,1,0,0,0,0,0,1,0,0,2,0,1,2,0,0,0,0,0,0,3,1,0,1,0,0,0,1,0,0,1,0,0,0,0,3,0,1,1,0,1,0,1,0,1,0,0
3,7,1,0,2,0,2,3,4,6,2,3,2,3,2,0,0,3,7,10,3,3,2,5,4,3,133,5,1,3,3,3,3,3,3,6,18,3,0,1,3,3,2,3,7,2,2,4,1,3,5,3,2,1,4,2,1,2,3,4,3,0,1,1,1,2,4,4,7,7,3,2,2,3,1,1,0,3,4,3,2,4,5,5,3,3,4,3,3,2,3,5,4,2,4,5,0,2,3,2,0,0,1,1,3,2,3,0,4,1,2,5,2,2,3,1,5,2,2,0,3,3,4,1,2,1,3,1,3,1,3,3,2,3,2,0,1,1,2,4,6,2,1,0,2,1,1,2,5,4,1,1,5,3,2,1,2,2,4,1,1,0,2,2,1,3,0,0,1,6,3,2,3,2,1,3,3,6,2,7,5,2,2,2,3,4,1,3,2,1,3,2,1,5,1,3,4,4,2,3,3,4,3,4,2,2,2,2,1,2,5,3,5,2,2,2,2,2,2,4,1,2,4,1,1,3,4,6,1,4,4,2,2,1,4,3,3,2,4,4,8,5,2,1,5,3,6,3,1,2,4,3,2,5,4
4,0,1,2,1,0,3,3,2,0,1,0,0,1,1,3,0,1,1,0,5,0,1,0,0,0,0,0,1,0,0,1,0,1,0,1,0,0,1,0,0,0,2,0,1,0,1,0,1,1,0,3,0,1,2,1,0,0,0,0,0,0,2,1,2,3,0,0,2,0,1,0,0,0,1,0,1,0,0,0,1,0,0,0,0,0,1,1,0,0,0,1,0,0,0,0,0,0,0,0,1,0,0,1,0,0,0,3,1,0,0,0,2,0,0,0,0,3,0,0,0,0,0,0,0,1,0,0,2,0,0,0,0,1,0,2,1,1,0,0,0,0,0,2,0,0,5,0,0,0,2,0,1,1,0,1,0,0,0,0,0,0,0,2,1,0,0,0,0,0,1,0,0,0,2,0,0,0,1,0,0,1,1,0,0,0,0,0,0,2,2,0,1,0,0,0,3,0,1,1,1,0,0,1,0,1,0,1,0,2,0,0,0,0,1,1,1,0,2,1,0,1,0,1,0,0,0,2,0,0,1,3,1,0,0,0,2,1,2,0,1,1,0,2,0,0,1,0,2,0,0,1,0,0,1
5,12,7,36,22,19,16,11,23,28,24,11,12,18,9,13,18,10,20,12,23,11,12,12,4,13,16,30,21,4,10,8,9,25,14,8,32,4,17,11,7,9,12,13,7,15,8,15,6,7,8,5,12,6,11,11,13,18,4,16,12,9,2,10,8,14,10,6,7,11,12,9,11,5,12,12,6,12,9,10,11,10,8,6,6,14,12,11,10,8,7,20,4,0,7,6,8,2,8,10,8,5,6,4,8,4,8,3,3,6,11,5,7,2,11,7,4,7,18,4,6,4,8,10,10,5,5,9,3,5,4,7,8,8,8,4,9,10,5,3,9,6,9,7,9,6,7,4,7,6,5,12,5,5,2,2,10,4,3,4,4,5,5,7,7,9,9,6,8,2,2,2,6,0,7,2,6,4,3,3,5,6,3,6,3,8,5,9,5,4,7,2,1,1,10,5,4,3,6,6,4,3,12,5,3,5,2,5,5,4,5,3,4,3,3,3,3,2,7,6,10,3,3,6,7,1,2,3,5,4,5,7,4,2,5,2,3,5,3,6,6,6,3,1,3,3,8,7,4,5,2,4,0,6,4
6,0,2,0,1,0,1,0,1,0,0,1,2,0,0,1,0,2,0,0,3,0,2,0,0,0,0,1,0,1,0,1,1,2,1,0,1,0,3,0,0,0,0,0,1,0,0,0,0,1,2,0,1,0,0,0,0,1,0,0,0,0,1,0,2,1,0,0,0,1,0,0,0,0,0,0,0,0,0,0,1,1,0,0,0,0,0,1,0,0,0,1,1,0,0,0,0,1,0,2,2,2,0,0,0,1,1,1,1,1,1,2,0,1,0,0,2,2,0,3,0,0,1,0,0,0,1,0,0,1,0,0,2,0,0,0,2,0,1,2,1,1,1,1,1,2,1,1,2,1,0,0,0,1,2,0,1,1,2,0,2,2,0,1,0,0,0,0,0,1,1,0,0,2,0,2,0,2,0,0,2,2,1,0,0,3,0,3,2,0,2,0,1,3,4,3,0,1,1,1,0,0,1,0,0,1,0,2,0,6,2,1,4,0,3,0,1,2,0,2,0,1,2,4,6,0,1,4,2,1,4,2,3,2,5,6,2,1,0,0,2,2,1,1,3,1,3,2,0,1,0,0,0,2,1
7,912,976,1056,945,841,1048,1191,1050,950,1045,897,908,828,976,915,988,827,976,1041,955,919,851,913,852,909,824,999,891,748,886,988,835,867,888,742,758,754,868,867,745,617,826,762,733,727,741,692,813,763,700,810,682,628,765,754,658,708,654,636,698,699,702,746,734,675,720,784,769,723,736,674,703,819,758,840,726,550,731,878,776,818,848,746,812,892,821,897,738,692,915,949,895,877,847,862,838,876,776,904,820,701,941,1030,906,886,854,839,859,872,862,954,850,694,908,1044,969,882,849,765,850,754,843,881,791,640,880,948,931,810,848,707,731,715,762,885,722,620,853,805,845,721,815,645,719,709,651,683,700,535,666,815,698,731,737,596,600,572,623,557,558,496,550,691,540,594,616,538,499,531,480,521,514,375,514,585,503,426,460,353,412,424,401,432,438,325,446,522,497,473,450,431,453,429,416,482,392,379,486,488,425,406,429,367,435,343,452,486,400,328,414,459,454,388,444,395,417,331,389,408,382,352,418,430,546,454,362,329,346,348,369,361,318,340,432,493,430,392,488,405,430,476,442,556,510,446,554,631,518,547,596,521,553,561,520
8,0,0,0,1,0,0,0,0,0,0,0,0,0,0,0,0,0,0,0,0,0,0,0,0,0,0,0,0,0,0,0,0,0,0,0,0,0,0,0,0,0,0,0,0,0,0,0,0,0,0,1,0,0,0,0,0,0,0,0,0,0,0,0,0,0,0,0,0,0,0,0,0,0,0,0,0,0,0,0,0,0,0,0,0,0,0,0,0,0,0,0,0,0,0,0,0,0,1,0,0,0,0,0,0,0,0,0,0,0,0,1,0,0,0,0,0,0,0,1,0,0,0,0,0,0,0,0,0,0,0,0,0,0,0,0,0,0,1,0,0,0,0,0,1,0,0,0,0,1,0,0,0,0,0,0,1,0,0,0,0,0,0,0,0,0,0,0,0,0,0,0,1,0,0,1,0,0,0,0,0,0,1,0,0,1,0,0,0,0,0,0,1,0,0,0,0,0,0,0,1,0,0,0,1,0,0,0,1,1,0,0,0,1,0,1,0,0,0,0,0,0,0,0,0,0,0,0,0,0,0,0,0,0,0,0,0,0,0,0,0,0,0,0,0,0,0,0,0,1,0,0,0,0,0
9,0,0,1,0,1,0,0,0,0,0,0,0,0,1,0,0,0,0,1,0,0,0,1,0,0,0,0,0,0,0,0,0,0,0,0,0,0,2,0,0,0,0,0,0,0,0,0,0,0,0,1,0,0,0,0,0,0,0,0,0,0,0,0,0,0,0,0,0,0,0,0,0,0,0,0,0,0,0,0,0,0,0,0,0,0,0,0,0,0,0,0,0,1,0,0,0,0,0,0,0,0,0,0,0,0,0,0,0,0,0,0,0,1,0,0,0,0,0,0,0,0,0,0,0,1,0,0,0,0,0,0,0,0,0,0,0,1,0,0,0,0,0,0,0,0,0,0,0,0,0,0,0,0,0,0,0,0,0,0,0,0,0,0,0,0,1,0,0,0,0,0,0,0,0,0,0,0,0,0,0,1,0,1,0,0,0,0,0,0,0,0,1,0,0,1,1,0,0,0,0,0,0,0,0,0,0,0,0,0,0,0,0,0,0,0,0,0,0,0,0,0,0,0,0,0,0,0,0,0,0,0,0,0,0,0,0,0,0,0,0,0,0,0,0,0,0,0,0,0,0,0,0,0,0
10,17,24,21,18,14,19,26,21,14,33,20,30,23,19,33,27,18,19,23,17,12,22,21,20,20,28,17,23,24,24,16,15,22,20,11,13,22,15,19,13,17,14,18,11,17,12,7,14,21,7,10,7,14,9,6,13,9,15,13,12,13,10,14,10,15,21,7,8,13,6,8,13,21,19,14,19,21,14,17,15,10,8,9,13,8,16,9,12,13,15,10,13,17,15,12,11,17,14,18,19,15,9,15,10,12,19,18,11,15,17,13,9,7,11,13,7,12,13,11,24,11,14,19,5,17,17,16,17,12,13,16,18,9,12,9,12,10,19,18,17,12,26,18,16,23,8,12,16,15,16,16,13,18,19,13,13,21,15,14,12,18,25,14,16,20,21,18,6,12,13,11,19,9,12,27,13,15,12,15,18,26,10,15,14,18,17,11,22,22,31,22,16,8,26,20,15,11,15,19,15,16,16,22,26,17,16,15,15,13,17,20,17,29,13,15,12,16,21,22,9,15,15,15,10,8,17,13,8,10,10,6,10,8,15,14,9,13,9,12,8,20,16,11,21,12,11,12,11,10,20,10,9,9,12
11,115,121,112,107,99,109,109,117,140,175,133,148,117,139,154,114,96,119,128,129,135,113,145,133,154,131,125,120,104,102,111,145,117,118,109,122,100,145,130,92,76,93,142,120,101,106,102,94,119,112,108,83,49,72,80,96,86,126,135,157,103,94,114,93,64,72,104,112,98,112,123,111,128,110,102,92,58,71,92,110,118,108,118,111,167,114,126,86,60,88,122,133,143,136,132,136,122,91,117,83,57,106,108,127,114,115,100,88,130,120,112,85,74,66,152,129,100,126,133,162,106,126,106,75,57,79,140,146,108,152,151,115,122,117,134,74,59,85,90,152,117,153,93,136,105,114,113,81,45,78,105,86,97,113,78,99,65,91,100,68,53,67,112,98,75,113,129,124,136,122,102,106,63,66,96,102,99,121,66,75,90,76,86,73,48,61,79,68,69,88,82,71,86,70,89,54,56,42,77,91,63,98,62,83,60,66,68,69,48,59,56,65,64,83,71,74,70,75,65,44,30,42,57,69,47,48,47,42,51,57,65,31,27,35,42,37,44,43,46,43,37,45,56,33,31,30,60,26,20,51,32,32,30,32
12,341,426,434,414,381,438,496,444,382,479,352,439,367,343,419,409,342,391,451,351,404,402,383,382,401,457,457,344,332,374,392,320,316,325,335,368,304,315,352,316,226,313,284,287,269,240,236,270,247,251,283,208,217,240,281,215,241,247,212,225,229,203,258,250,211,272,285,270,321,302,265,271,274,254,306,240,200,252,287,285,287,294,277,307,309,282,311,311,261,309,321,311,301,375,383,343,316,294,357,337,259,331,317,382,387,328,332,386,329,337,355,277,217,387,317,318,323,301,296,315,275,261,336,294,227,267,323,293,278,310,241,270,263,321,287,282,201,279,339,295,276,332,257,258,248,264,269,266,174,211,293,244,265,240,249,236,227,238,222,224,196,253,261,216,216,259,229,231,224,249,225,205,137,200,250,219,180,224,154,188,191,203,245,207,154,208,194,201,225,215,208,178,191,221,274,206,148,164,173,169,156,208,154,155,136,179,189,172,123,143,145,162,142,153,164,135,132,162,165,182,130,152,220,184,134,117,79,108,126,121,101,105,82,97,127,93,114,141,110,104,94,104,110,126,74,87,127,91,107,106,79,96,103,83
13,209,234,248,217,174,216,269,247,230,270,187,213,238,225,225,198,193,207,244,210,215,221,208,218,291,202,270,236,164,217,247,202,258,217,191,201,192,227,176,131,127,189,149,187,142,136,115,132,145,124,146,95,85,139,152,133,144,117,103,98,101,131,159,153,95,143,149,117,135,130,96,123,161,108,148,96,85,106,136,152,118,124,97,124,128,108,133,117,93,139,139,117,128,126,139,125,153,116,138,124,107,134,172,118,150,138,141,143,129,111,170,129,88,144,173,167,147,135,129,110,109,149,151,141,90,140,157,144,135,144,138,141,105,128,153,103,80,143,127,124,122,119,98,102,121,198,100,98,73,108,131,129,109,77,111,97,96,107,102,109,77,108,119,96,75,169,103,68,85,81,73,65,44,79,79,92,102,80,67,80,62,63,71,49,52,65,84,73,114,73,69,53,82,48,76,36,38,46,55,52,47,47,45,45,48,52,50,57,29,44,43,48,43,48,42,47,34,44,38,29,10,32,36,37,44,31,20,30,28,35,18,9,15,28,22,28,33,50,32,34,45,32,31,48,23,43,47,48,45,43,32,33,50,33
14,51,57,55,64,50,49,70,54,54,57,46,46,73,58,52,66,54,47,45,42,47,40,46,62,47,48,60,66,52,65,70,51,55,34,40,58,52,63,47,51,42,48,47,36,49,31,33,36,26,37,36,41,32,48,28,29,24,34,26,25,26,23,38,33,31,35,32,24,27,27,21,26,48,25,30,22,39,27,33,36,36,26,22,36,35,33,39,29,19,39,32,26,41,29,32,47,28,35,45,31,37,30,22,33,31,23,27,37,29,42,42,36,27,42,48,35,39,33,22,29,26,29,38,32,32,50,31,33,27,30,30,40,23,32,35,45,29,29,33,40,29,35,29,30,37,18,32,38,31,28,34,26,28,21,25,31,33,36,37,37,33,24,28,34,35,33,25,36,22,32,30,33,21,33,22,30,33,24,30,25,23,24,57,41,29,32,33,35,29,21,28,15,19,33,33,21,39,25,26,22,25,21,28,35,23,20,32,28,29,28,30,36,18,22,26,20,19,19,23,25,33,36,18,27,20,15,19,13,20,27,25,28,20,20,26,19,16,21,16,11,15,16,28,28,16,19,24,17,64,23,22,29,13,30
15,1,0,1,0,0,0,0,2,0,0,0,2,0,0,2,0,0,0,0,1,1,1,2,1,3,2,0,2,3,1,1,0,0,2,1,1,0,0,0,1,0,2,0,0,0,0,2,0,0,1,2,0,0,0,0,0,2,0,1,0,1,1,2,1,1,1,0,0,2,4,1,1,0,1,0,0,1,1,1,3,3,0,0,5,2,0,2,2,3,0,1,5,3,3,5,2,2,1,5,0,9,3,5,2,3,1,3,2,4,10,4,7,7,4,2,4,12,9,7,6,2,4,4,0,3,3,7,5,8,13,9,3,6,5,1,7,5,4,5,5,6,2,5,13,4,6,4,3,4,5,5,11,19,12,10,8,9,8,7,6,2,6,4,6,6,6,10,7,11,10,15,18,13,2,7,8,7,7,5,4,8,18,12,6,9,4,11,9,14,13,11,10,13,13,2,11,7,9,16,11,11,13,18,8,7,12,11,13,18,37,14,20,30,26,20,16,24,12,16,10,5,16,6,12,10,12,8,12,8,6,4,6,2,11,8,6,6,4,3,14,18,13,13,6,4,10,6,6,9,8,6,3,7,6
16,2,4,3,1,3,8,7,15,7,10,5,3,7,3,2,2,7,2,0,4,7,19,9,11,10,7,14,9,13,14,9,5,6,6,4,10,9,4,9,6,5,9,9,12,10,6,12,11,18,15,13,12,12,8,10,10,13,11,24,21,19,20,16,12,12,11,10,9,10,18,9,11,21,20,7,15,9,12,25,15,18,8,15,25,21,18,15,15,16,18,15,18,16,29,35,24,41,20,16,8,22,22,20,21,13,25,30,39,48,28,14,28,21,19,22,31,34,20,24,28,31,22,29,13,21,26,14,17,21,27,23,14,21,25,12,17,13,16,12,13,14,15,22,29,36,26,9,18,12,15,20,16,21,29,26,32,20,39,18,15,27,30,30,28,44,39,32,48,48,24,24,13,20,19,14,16,15,30,11,31,47,26,36,34,34,22,27,46,34,33,55,48,41,26,18,16,38,34,58,28,43,52,35,27,44,59,28,23,47,42,29,45,24,54,37,55,52,50,35,19,11,25,19,26,27,42,44,23,38,40,19,15,27,38,39,15,31,22,24,29,47,31,28,37,35,43,46,23,26,31,34,51,55,51
17,0,0,0,0,1,0,0,0,1,0,0,0,1,0,0,0,0,0,0,0,0,0,0,0,0,1,0,0,0,1,1,1,1,0,1,0,0,1,0,0,0,0,0,0,0,0,2,0,0,0,0,0,0,0,0,1,0,0,0,0,0,0,0,0,1,0,0,0,0,0,0,0,0,1,1,0,1,0,1,2,0,1,0,0,0,1,0,0,0,0,0,0,0,0,0,0,0,0,0,0,0,0,0,0,2,0,0,0,0,1,1,0,1,0,0,0,0,0,1,1,0,2,2,0,0,0,0,0,0,0,0,0,0,0,0,0,0,2,0,1,2,2,0,0,1,0,0,0,0,0,0,1,2,1,2,0,0,0,1,0,0,0,1,0,1,0,0,0,0,0,0,0,0,0,0,0,0,0,0,2,1,0,0,0,1,1,0,0,0,1,0,0,0,0,0,0,1,0,0,0,1,0,0,0,1,0,0,0,0,0,0,0,0,0,1,0,0,0,0,1,0,1,0,0,0,0,1,0,1,0,0,0,0,2,0,0,1,0,1,1,0,1,1,0,0,0,1,1,0,0,1,0,2,0
18,1,1,2,4,2,0,5,5,3,3,5,2,6,3,7,4,2,7,5,7,5,2,3,1,3,4,5,2,7,5,6,4,6,6,4,4,3,6,2,1,0,3,1,2,2,4,1,2,2,3,1,3,3,2,2,3,4,6,2,8,8,4,5,1,3,3,4,1,8,3,2,3,4,2,2,3,3,4,6,6,5,7,2,6,5,10,2,3,6,2,2,2,3,3,7,8,9,2,8,3,2,5,6,2,3,3,2,8,6,4,4,2,0,3,3,1,4,3,3,5,4,2,2,1,3,2,3,1,4,2,3,2,3,8,3,7,4,5,9,1,5,6,3,4,3,5,1,3,4,6,12,7,5,7,5,1,6,3,4,3,5,1,4,3,5,4,3,3,4,4,7,1,2,15,5,5,8,2,3,8,6,5,5,0,5,6,4,10,9,9,7,6,9,9,5,7,4,7,15,7,13,8,17,9,13,20,9,5,3,11,4,10,3,8,1,8,6,5,7,4,6,9,5,8,6,7,5,9,7,5,3,5,4,7,11,5,2,9,5,3,6,7,3,4,7,5,7,8,6,7,6,6,10,10
19,4,8,1,4,7,4,3,1,5,9,5,8,2,4,10,6,9,6,5,2,4,11,4,7,5,16,11,9,14,11,13,18,15,12,8,11,14,10,8,9,15,20,9,11,9,7,7,2,10,7,7,7,13,7,3,2,6,8,3,9,17,5,9,8,4,4,3,4,6,8,6,12,8,7,4,3,6,5,11,9,6,9,6,9,11,14,11,7,5,10,3,9,5,8,5,9,11,6,7,8,4,12,10,3,11,9,13,12,15,8,9,14,7,9,11,8,12,11,7,8,10,10,15,3,12,9,6,6,5,8,9,12,9,9,10,16,9,6,15,13,10,8,15,17,12,10,8,11,12,6,13,11,8,10,15,9,8,13,7,12,10,20,9,10,14,15,7,18,24,39,27,21,14,13,11,15,23,20,23,20,12,14,19,23,11,17,21,19,31,33,28,35,26,38,25,16,24,25,36,33,25,42,30,38,38,45,35,29,23,30,20,24,39,24,19,33,24,22,34,26,20,30,26,40,26,26,16,20,18,24,19,24,23,17,22,19,29,17,22,32,22,19,36,26,37,13,18,16,17,28,29,25,41,39
20,5,1,12,5,3,3,5,9,2,5,2,3,1,6,5,2,3,2,3,3,2,4,3,3,1,3,3,0,2,4,5,5,4,4,5,2,4,4,4,3,4,7,1,1,3,5,5,4,7,10,10,5,7,2,5,1,4,6,4,10,6,0,8,5,0,4,8,7,5,6,10,14,5,5,1,4,2,2,7,3,11,6,10,5,9,8,6,4,5,6,8,8,4,1,6,5,5,7,6,2,5,9,2,3,7,12,6,13,6,3,4,3,2,3,3,2,13,2,4,4,3,5,8,9,5,8,8,8,8,6,6,9,4,5,4,5,7,4,3,5,5,6,6,4,13,4,9,6,3,6,3,7,11,16,9,12,4,24,8,2,4,5,5,8,9,10,8,19,19,17,14,10,8,6,9,7,6,4,1,9,13,7,11,6,8,16,7,11,10,16,9,13,8,9,15,13,17,8,14,7,26,11,20,10,11,12,10,6,6,13,3,5,6,13,10,8,9,20,6,7,6,8,4,10,3,6,11,15,17,23,11,14,5,6,6,17,21,11,12,13,12,17,19,12,11,19,13,8,7,8,16,16,19,8
21,8,5,4,3,2,1,0,2,2,3,3,8,8,1,4,7,2,3,2,2,4,5,7,4,4,3,4,7,1,2,5,2,4,3,3,4,2,2,3,0,4,2,5,5,2,2,3,12,8,1,8,5,2,5,6,2,6,6,6,8,8,2,9,3,2,4,5,1,2,1,2,9,3,2,7,4,6,7,5,1,1,3,17,8,6,9,5,7,4,1,3,3,7,9,8,8,8,1,4,8,1,7,1,3,2,4,5,6,4,4,4,5,6,3,4,1,5,2,4,4,1,3,5,4,3,3,7,2,2,1,3,1,7,0,2,2,1,2,1,3,6,6,5,8,3,2,2,5,2,3,3,5,5,5,4,2,10,2,4,3,3,6,2,3,11,13,5,8,4,7,7,7,7,8,5,4,4,6,9,7,12,6,7,1,2,4,9,5,7,7,8,4,8,16,6,5,5,9,3,5,3,5,9,4,10,7,5,6,3,2,3,3,3,13,6,18,6,17,8,15,6,10,12,13,9,3,5,14,11,13,9,14,7,16,9,10,11,11,11,17,8,10,9,17,6,7,8,8,1,11,11,10,13,18
22,30,44,40,48,42,38,36,45,48,48,39,40,57,46,42,39,34,36,45,35,24,37,35,30,46,40,49,51,41,40,25,29,29,47,38,51,42,62,62,57,31,44,72,52,55,69,95,137,105,119,94,98,71,77,69,93,101,121,89,103,118,81,89,93,62,78,90,94,82,111,98,98,135,76,103,99,83,83,98,95,89,95,93,119,139,105,99,101,67,97,97,88,104,127,126,107,121,90,105,76,67,96,82,60,95,111,103,83,110,90,78,95,54,73,104,105,109,105,73,111,108,98,90,68,82,116,124,137,121,136,111,113,132,140,118,116,105,127,127,134,119,137,129,162,134,173,124,100,78,127,146,158,161,182,160,154,178,142,140,158,115,139,162,128,165,159,164,198,159,168,179,194,172,182,230,218,249,221,195,229,241,208,259,203,180,207,142,191,245,232,267,295,235,244,289,246,227,290,298,263,226,271,256,295,213,255,270,209,185,182,198,234,162,235,211,199,182,250,225,181,157,195,210,171,161,188,148,173,169,162,167,146,142,151,169,115,133,166,144,133,171,155,180,139,113,159,178,133,134,139,132,145,157,153
23,8,4,7,3,6,7,4,10,8,4,6,6,12,5,4,4,5,9,9,12,7,5,3,8,7,5,7,7,9,11,10,6,13,6,11,2,3,9,7,7,4,10,3,9,6,3,3,4,8,5,3,2,5,5,3,4,9,3,3,4,2,6,2,2,3,5,7,3,4,0,2,4,6,1,2,2,2,3,5,2,4,4,2,3,5,3,3,1,5,6,5,4,4,3,5,7,7,7,1,2,6,2,3,2,4,7,3,6,5,8,2,4,3,4,2,2,3,2,6,5,9,1,5,2,2,3,3,3,2,2,2,3,5,1,5,2,2,4,5,2,7,6,6,5,9,3,6,2,3,3,6,3,0,3,3,7,3,14,9,15,3,5,5,2,3,5,4,4,4,9,10,4,5,5,5,5,6,5,1,9,6,5,5,6,3,4,4,4,5,5,6,6,9,13,6,9,5,9,11,9,10,5,5,10,6,5,1,7,3,4,5,11,5,12,5,7,7,6,10,5,8,12,8,4,9,9,6,8,15,10,15,5,3,4,6,10,3,9,6,9,13,9,7,14,4,9,6,13,16,6,7,13,13,6
24,7,9,17,12,9,5,8,10,12,8,10,11,5,9,14,6,4,5,3,9,9,10,5,7,8,5,11,10,6,9,14,10,8,5,6,8,17,11,16,15,5,15,10,13,11,13,10,7,11,12,12,8,6,3,11,10,13,12,11,11,16,20,7,10,15,11,17,13,13,14,15,17,13,12,10,15,12,5,15,8,10,9,13,12,10,13,7,6,6,9,8,8,10,7,15,10,4,7,6,2,4,6,5,7,6,10,6,8,9,9,0,8,4,7,7,7,2,8,4,8,5,3,4,1,3,5,8,3,6,2,3,6,3,0,1,2,3,8,4,5,3,3,6,5,4,2,3,2,6,4,3,7,1,4,2,6,5,5,7,2,2,5,3,6,13,6,9,6,4,6,4,4,4,5,6,6,2,5,5,4,9,5,4,5,6,9,4,8,3,5,8,7,8,9,9,3,11,7,5,12,14,6,14,7,9,6,10,16,5,3,7,15,7,6,7,8,4,8,5,16,6,5,12,9,11,14,9,11,4,14,13,11,11,15,7,12,47,11,14,14,13,15,8,20,6,22,17,18,21,16,24,17,28,27
25,475,527,523,529,420,585,606,576,491,590,534,578,556,574,590,520,511,623,560,522,472,514,488,591,538,538,582,560,517,713,618,607,566,559,534,557,636,616,689,649,647,728,742,698,676,723,639,822,740,796,812,706,670,826,896,838,785,732,711,839,904,744,842,719,627,771,870,690,655,764,664,701,773,655,742,650,504,723,804,615,632,651,622,729,841,739,759,531,500,712,795,706,742,793,658,734,595,606,566,473,378,500,526,502,498,509,491,573,573,443,491,420,344,469,508,507,467,481,431,535,459,423,468,400,368,488,585,602,524,577,489,623,539,570,568,510,517,711,609,537,585,756,588,742,690,644,587,517,465,599,748,607,648,655,574,775,626,610,561,567,460,676,778,627,618,652,654,767,741,709,724,569,492,752,783,701,691,781,651,656,702,639,719,563,490,672,755,751,797,861,834,1020,754,816,908,700,676,868,929,861,781,964,791,957,722,748,717,506,432,545,673,584,450,630,565,631,508,503,499,539,409,514,587,481,416,510,420,435,496,412,365,307,252,332,360,393,349,401,358,403,438,363,351,243,194,300,305,287,292,242,306,310,336,291
26,496,594,601,553,583,591,628,588,546,599,505,502,555,551,580,582,559,596,596,527,521,464,462,559,552,487,566,637,578,605,621,532,548,530,408,479,519,588,631,585,484,498,584,495,638,641,574,662,623,635,711,584,493,660,767,641,644,556,584,615,659,629,614,559,469,617,572,543,534,584,543,643,705,519,635,548,467,669,723,601,648,625,588,653,680,712,729,562,497,753,686,685,676,698,638,737,572,553,526,532,433,604,618,580,610,550,548,615,608,509,502,446,401,552,611,626,544,529,541,622,496,505,508,427,396,619,689,673,546,626,553,684,594,617,553,600,512,768,711,733,650,803,538,647,583,586,634,586,478,597,707,613,606,658,560,673,551,521,565,553,433,667,739,612,626,678,583,715,636,533,597,577,473,681,750,714,671,766,637,682,658,702,817,642,553,706,730,729,805,834,789,957,843,826,928,799,691,1044,1111,1023,849,890,773,910,607,782,896,769,625,774,814,744,559,642,587,644,519,652,667,755,556,763,820,709,628,561,386,491,459,481,479,421,351,515,528,400,381,348,304,333,357,379,378,316,298,373,376,302,262,364,284,294,313,290
27,938,860,902,893,840,823,749,858,747,813,824,842,919,814,893,903,784,763,694,755,701,621,618,740,857,773,948,900,695,778,775,743,794,855,724,856,798,744,840,780,693,788,821,801,956,913,722,1043,930,784,791,738,655,840,924,945,1138,1144,937,1101,938,675,696,662,602,644,612,623,671,603,578,696,877,685,684,750,648,765,793,731,770,690,520,820,889,620,573,604,564,657,576,619,567,563,509,558,544,522,513,555,531,542,530,486,480,450,451,516,566,494,553,560,531,590,540,627,596,586,566,693,686,673,595,569,597,655,662,767,737,782,614,891,880,783,714,833,738,965,954,871,912,889,852,979,940,990,832,922,716,879,958,932,820,950,825,983,1124,990,948,1040,891,858,994,1016,1139,1083,878,1039,1151,981,1102,1115,940,1029,985,937,1069,1041,905,1047,997,1036,1256,1122,1044,1260,1259,1270,1203,1183,1232,1486,1471,1420,1331,1223,1220,1253,1186,1385,1261,1477,1316,1596,1260,1434,1432,1418,1290,1205,1514,1361,1145,1383,1265,1362,1282,1316,1399,1807,1746,1750,1816,1895,1710,1945,1500,1635,2000,2017,1845,1991,1689,1678,1695,1670,1591,1680,1429,1691,1806,1828,1812,1966,1642,1847,1740,1602,1620,1524,1416,1677,1639,1871
28,47,41,32,40,32,39,41,24,42,39,19,37,48,38,42,38,29,25,40,33,38,28,27,49,51,36,50,40,31,24,37,40,42,17,19,35,25,22,32,23,14,29,37,18,33,23,15,22,26,25,18,11,6,21,14,19,19,18,7,16,11,5,2,7,14,9,12,7,6,13,11,7,8,6,2,8,3,14,8,5,5,5,8,10,15,7,11,9,5,6,8,8,7,12,9,4,10,4,9,2,5,4,7,8,7,8,12,11,8,8,15,14,2,11,6,10,7,3,4,11,5,5,5,11,2,4,8,9,9,4,5,9,6,5,3,3,7,4,10,3,5,5,6,3,8,4,9,5,1,6,6,5,9,6,2,14,11,12,10,9,4,4,10,11,6,5,2,7,15,5,9,6,6,8,6,5,3,6,7,12,3,6,2,11,3,7,11,4,4,12,4,11,8,11,5,5,7,8,13,7,3,5,10,14,9,7,5,5,6,9,11,16,11,7,5,12,6,14,4,12,6,8,16,9,8,11,4,10,12,13,5,11,4,10,8,10,11,8,8,15,9,10,7,12,12,18,6,3,10,6,2,4,3,9
29,189,179,205,172,250,215,164,209,203,262,266,217,228,229,213,217,205,200,154,190,201,227,177,191,205,177,166,154,184,212,183,177,167,159,165,220,233,186,244,184,210,231,221,217,249,221,195,261,213,232,206,187,182,189,229,247,197,194,202,208,251,207,220,190,113,243,221,200,202,159,212,233,229,161,151,180,149,251,255,244,204,205,247,238,350,268,267,249,217,279,288,283,311,266,263,286,326,315,241,272,266,316,265,279,271,272,257,240,252,270,223,165,169,222,230,230,201,259,250,285,255,263,257,267,283,339,337,380,294,293,301,380,339,352,317,296,272,306,345,388,349,398,368,336,367,364,308,319,350,345,338,375,371,329,269,353,353,417,326,329,309,383,382,373,413,404,369,402,441,419,508,359,315,334,290,361,382,381,367,447,452,383,388,379,403,525,447,566,496,509,447,552,454,495,485,380,424,503,605,528,472,548,531,693,556,516,533,413,471,496,480,510,453,507,480,492,478,420,517,522,467,531,535,588,588,580,483,546,653,555,551,541,472,572,537,507,600,561,470,551,578,708,547,456,466,640,528,481,548,423,432,519,487,541
30,200,191,185,197,198,211,164,169,162,200,199,212,223,185,166,151,182,182,158,160,165,196,174,169,176,186,214,158,171,202,207,215,220,156,131,151,158,124,205,193,178,202,167,179,176,157,139,155,141,128,141,122,95,145,129,153,150,134,115,138,157,139,127,158,132,135,113,150,99,96,96,92,153,115,97,94,78,98,118,77,124,105,103,108,156,124,131,120,106,127,104,152,180,137,132,129,166,163,155,151,94,127,155,132,160,136,114,127,166,152,151,163,115,144,136,170,140,155,138,164,139,138,151,142,127,173,209,188,154,252,206,218,232,192,202,211,149,183,219,202,221,229,192,214,225,216,212,223,206,205,229,270,228,234,202,214,233,239,235,247,213,247,272,229,221,289,222,280,270,298,275,308,214,247,233,244,313,310,338,303,294,280,355,255,264,343,331,421,374,327,361,416,383,442,512,412,335,434,408,410,468,495,458,468,462,463,465,383,320,369,393,447,415,424,439,439,525,518,423,468,404,449,572,559,441,589,473,558,615,556,589,566,438,510,560,506,579,594,433,600,637,599,504,545,366,542,661,574,517,485,468,516,474,473
31,34,57,40,44,34,48,51,76,57,57,40,33,37,55,50,71,33,34,31,32,47,47,43,46,46,45,52,43,45,28,36,50,53,73,55,53,63,34,55,45,62,80,93,91,94,85,54,80,69,50,65,56,31,35,42,53,68,72,69,86,64,96,75,58,46,53,56,49,53,37,50,42,40,50,51,42,51,64,54,58,56,53,29,50,46,53,49,44,22,22,48,50,42,44,52,56,43,69,75,68,64,51,56,63,52,48,54,60,72,43,73,44,52,70,55,60,66,56,74,57,49,45,46,37,46,74,59,67,70,81,73,66,60,58,87,84,66,72,86,69,85,91,77,111,125,122,137,125,78,100,162,94,100,101,75,87,76,91,90,79,68,85,117,105,106,111,97,124,144,105,134,130,83,130,111,130,150,157,135,120,115,114,88,99,97,106,104,129,132,136,144,121,104,153,154,101,97,162,147,138,134,165,156,154,123,114,157,127,128,122,154,139,149,172,143,131,147,136,138,124,149,136,195,193,178,193,153,134,179,185,167,136,133,215,164,122,150,121,139,129,145,142,129,169,137,159,156,150,172,143,165,217,269,228
32,2207,2096,1952,1693,1659,1930,1891,2138,2109,2487,2185,2668,2611,2683,2413,2094,1897,2393,2429,2150,2200,1991,1990,1956,2026,1849,2491,2206,2021,2546,2486,2400,2361,2316,1965,1862,2230,2180,2584,3027,2826,3600,3149,3409,3020,3047,2456,2749,2732,2413,2076,1812,1578,2149,2401,1911,2177,2118,1744,1672,1788,1645,1680,1503,1711,1955,1920,1781,1675,1635,1428,1146,1456,1112,1311,1313,1170,1488,1500,1250,1264,1400,1190,1107,1442,1186,1295,1137,1110,1603,1349,1174,1239,1358,1232,1263,1274,1229,1222,1135,1085,1419,1369,1222,1149,1216,1137,1028,1152,1133,1202,1163,1219,1589,1403,1176,1228,1290,1149,1116,1288,1279,1315,1268,1198,1499,1399,1421,1331,1392,1187,1277,1327,1340,1429,1291,1450,1778,1676,1572,1440,1547,1309,1496,1666,1542,1714,1719,1534,1993,2020,2032,2063,1909,1731,1894,2060,1993,2148,1991,1829,2558,2430,2159,2333,2397,1941,2260,2240,2265,2530,2381,2023,2870,2574,2523,2846,2823,2318,2799,2878,2665,3139,2762,2701,3623,3132,3286,3269,2979,2711,2951,2886,2891,2967,2597,2909,3464,3220,3171,3146,2871,2439,2572,2398,2541,2718,2361,2610,2756,2842,2771,2341,2631,2258,2598,2513,2648,2408,2642,2715,2958,2975,2703,2711,3291,2525,2667,3092,2691,2923,2795,2914,3531,3556,2810,2998,2829,2103,2599,2777,2330,2667,2555,2561,3058,2543,2022,2234,1921,1740,2126,2149,2180
33,316,326,317,279,293,287,311,350,312,306,312,359,353,323,323,284,278,298,287,288,295,324,324,324,349,292,359,277,284,344,345,312,294,391,343,356,418,423,462,352,331,356,322,440,400,422,419,476,486,443,462,382,414,406,371,383,442,449,440,414,422,478,458,370,315,436,364,414,379,480,440,419,470,429,372,335,363,432,407,403,393,486,482,471,517,489,413,417,351,393,444,385,445,490,486,479,470,416,454,354,333,424,408,342,431,431,447,453,385,375,438,322,313,369,360,313,411,345,369,368,435,428,396,298,289,329,326,319,341,350,358,348,301,358,345,277,269,266,297,284,300,332,321,372,372,324,309,318,238,265,275,235,299,338,321,279,309,387,301,278,227,269,286,296,301,310,284,296,325,284,296,271,214,270,275,290,308,313,302,291,337,334,321,276,261,304,245,291,278,306,266,263,281,270,310,177,201,249,255,284,319,275,279,284,233,332,318,243,248,229,282,291,255,297,327,292,284,314,250,274,209,217,252,250,260,286,266,295,349,347,329,293,231,257,321,298,335,355,331,335,369,314,303,283,219,293,289,269,300,336,306,311,300,257
34,4,0,0,0,0,0,0,1,0,2,0,0,3,1,2,0,0,0,1,1,0,2,0,0,0,1,0,0,0,0,0,0,0,2,0,1,0,1,0,0,1,1,0,3,0,0,1,2,3,0,0,1,0,2,1,1,1,0,0,0,0,2,0,2,2,0,1,2,0,0,1,3,2,3,0,1,3,1,1,0,0,0,1,0,2,0,1,1,0,2,2,2,1,0,2,0,2,0,1,0,0,3,3,0,0,0,0,2,1,0,0,0,2,0,1,0,1,0,1,2,1,1,0,0,0,2,1,0,0,0,0,0,1,2,0,2,0,0,0,0,0,2,0,1,0,1,0,0,2,0,0,0,0,0,1,1,1,1,1,0,1,2,0,0,0,0,1,1,1,0,1,0,0,0,2,2,0,1,1,1,1,0,0,0,0,1,2,0,1,1,0,3,1,3,1,2,0,1,1,0,4,1,1,2,1,1,1,0,2,1,0,0,1,0,0,1,2,2,1,0,1,1,0,2,1,0,0,1,5,0,2,1,4,1,1,0,3,1,1,0,0,0,2,1,2,1,1,0,2,1,0,2,0,2
35,222,239,227,189,152,195,187,177,220,234,197,210,264,247,247,211,157,228,259,262,255,235,212,238,237,232,294,242,166,246,256,253,249,232,206,222,262,219,237,215,175,216,218,240,197,226,192,183,215,221,249,206,158,236,201,219,210,249,193,224,233,236,254,217,157,210,204,225,216,221,195,262,240,206,242,241,134,245,268,249,243,209,205,239,255,239,237,183,162,235,216,215,197,227,194,204,206,232,263,214,184,241,216,248,259,261,223,265,223,213,260,239,194,275,286,261,266,277,313,282,255,281,317,229,204,306,300,323,274,310,263,324,309,313,338,273,255,346,348,369,322,334,268,357,360,317,356,333,280,381,368,392,352,385,374,405,377,371,443,370,284,417,446,348,417,439,407,449,522,478,572,497,333,561,540,554,505,574,521,632,622,653,725,631,470,719,699,705,759,675,718,781,786,783,776,693,606,843,787,787,798,838,749,874,746,793,912,828,601,886,928,886,770,893,786,874,788,935,964,874,679,941,1141,1092,880,999,862,995,964,1047,1050,970,715,1198,1078,887,1013,1089,997,1006,1067,1088,1141,1028,773,1129,1149,1043,1170,1023,1026,1134,1145,1188
36,369,418,467,405,372,555,548,535,471,476,355,385,424,428,548,551,426,553,603,566,458,398,409,381,503,442,542,527,431,673,560,500,516,449,332,382,422,457,623,517,415,668,590,524,470,528,402,487,484,497,658,589,474,659,631,515,512,448,377,448,558,523,585,555,458,656,699,598,550,461,369,554,671,591,678,634,415,599,618,587,552,419,397,385,464,493,603,566,420,631,596,596,478,414,309,325,406,523,605,566,356,535,569,514,488,514,368,303,372,466,477,482,297,553,661,524,411,406,302,328,330,455,536,376,324,532,547,560,434,443,391,430,423,484,550,451,357,554,555,452,382,358,246,347,360,399,469,369,310,444,557,501,405,362,300,336,359,422,441,392,319,473,472,428,381,365,327,365,346,368,511,434,298,559,594,504,451,410,367,381,416,501,546,489,322,553,586,672,588,505,464,429,423,595,711,498,408,776,753,665,504,496,424,456,440,598,730,554,429,676,706,658,472,536,403,359,433,506,611,535,436,756,727,574,456,445,403,376,417,426,445,464,292,499,552,431,417,364,309,331,390,413,418,376,275,434,510,406,412,343,281,254,321,360
37,1079,949,991,1027,1026,1061,915,1041,847,1111,968,1012,1061,1179,1177,982,1047,1003,1067,1022,1076,1022,913,882,1024,947,1119,979,1043,1014,946,919,891,911,766,935,1020,1059,1204,1098,1085,1181,1071,1107,962,1028,941,1007,1099,1110,1118,1088,917,953,982,1014,898,830,828,854,1056,994,989,880,658,916,928,804,805,788,699,889,1013,867,968,852,704,971,946,817,848,782,754,862,1107,995,1059,984,778,1116,1177,1103,1083,983,895,993,1065,1039,975,933,769,1151,1193,1114,937,897,864,736,849,978,913,777,631,943,986,946,859,895,758,916,948,1007,1005,978,857,1250,1253,1243,1089,1171,1011,1210,1115,1170,1255,1069,988,1247,1329,1422,1221,1138,908,1034,1062,1064,1089,1041,960,1155,1093,1056,1079,1159,1150,1245,1196,1305,1271,1294,1192,1461,1482,1221,1266,1328,1268,1324,1607,1314,1646,1652,1261,1880,1731,1690,1652,1658,1628,1879,1703,1685,2001,1643,1593,1951,1781,2140,2075,1931,1960,2114,1754,1948,2413,1937,2154,2352,2291,2414,2150,2285,2290,2296,1846,2015,2286,1970,1906,2189,2347,2351,1880,2146,2036,1973,2043,2131,2345,2399,2085,2533,2987,2642,2243,2632,2261,2552,2701,2440,2538,2379,2212,2971,2807,2506,2549,2756,2279,2738,2833,2440,2751,2428,1957,2931,2563,2266,2230,1930,1892,2107,2303,2450
38,158,192,181,192,163,195,206,244,186,183,166,161,218,197,192,178,161,183,227,213,226,184,180,153,223,184,206,190,146,200,194,183,218,199,216,165,203,216,232,182,169,226,234,233,207,187,183,214,201,199,229,219,143,215,207,189,185,171,154,187,160,220,221,176,102,234,199,210,184,136,175,185,177,179,195,174,125,171,198,177,166,176,164,172,208,215,237,221,136,232,246,197,244,223,232,204,190,228,261,228,192,264,300,280,276,227,216,265,224,258,238,250,202,295,307,309,262,292,243,289,247,293,294,242,256,302,307,309,297,293,267,350,285,334,322,303,243,305,339,312,324,308,287,316,305,307,332,339,325,371,391,324,300,320,315,291,333,342,360,306,260,417,367,395,356,402,410,412,417,455,484,453,370,562,528,466,482,507,438,473,536,580,617,471,403,626,572,628,600,591,534,537,472,480,545,470,447,642,563,564,615,517,418,458,369,418,478,394,401,466,503,481,410,420,422,391,367,453,476,411,348,495,586,528,453,476,419,405,444,447,432,340,325,522,472,421,440,446,389,359,411,396,431,351,307,462,472,387,434,377,337,327,357,375
39,12,23,20,26,21,18,23,36,20,26,20,18,32,22,23,26,18,16,20,25,26,33,24,22,28,29,30,29,27,22,14,19,25,22,17,17,28,35,35,33,17,31,26,25,28,22,14,30,25,17,22,14,18,27,26,14,21,13,12,17,15,16,19,13,13,23,20,8,15,20,16,15,25,21,18,14,10,13,14,16,17,18,31,18,20,19,25,19,6,13,20,13,14,20,9,7,6,9,13,10,7,7,9,9,11,8,18,8,8,13,14,14,16,11,7,11,20,8,13,14,10,11,16,14,9,9,17,11,9,14,8,12,11,14,12,12,6,11,9,14,11,8,14,15,12,14,13,16,14,15,10,18,12,16,14,10,4,12,15,8,12,11,19,13,16,23,21,14,13,21,13,11,11,18,14,14,21,12,18,20,18,9,16,14,9,16,11,23,18,14,19,8,8,18,26,11,17,16,23,26,10,21,20,22,31,26,27,22,18,16,20,24,17,23,31,17,14,19,28,14,22,26,27,25,31,29,23,30,28,34,33,26,23,31,29,35,39,24,34,42,44,40,34,39,42,29,41,40,55,51,36,47,35,56
40,0,1,0,0,0,1,0,0,0,0,0,0,0,0,1,0,0,0,1,0,0,0,0,0,1,0,0,0,0,1,0,0,0,0,0,0,0,1,0,0,0,0,0,0,0,0,0,0,1,0,0,0,0,0,0,0,0,0,0,0,0,0,0,0,0,1,0,0,0,0,0,0,1,0,0,0,0,0,0,1,0,0,0,0,0,0,0,0,0,0,0,0,0,0,0,0,0,0,0,0,0,0,0,0,0,0,0,0,0,0,0,0,0,0,0,1,0,0,0,0,0,0,0,1,0,0,0,0,0,0,0,0,0,0,0,0,0,1,0,0,0,0,0,0,0,0,0,0,0,0,0,0,0,0,0,0,0,0,0,0,0,0,0,0,0,0,0,0,0,0,0,0,0,0,0,0,0,0,0,0,0,0,0,0,0,0,1,0,0,7,0,0,0,0,0,0,0,0,0,0,1,0,0,0,0,0,0,0,0,0,0,0,0,1,0,0,0,0,0,0,0,0,0,0,0,0,0,0,0,0,0,0,0,0,0,0,0,0,0,0,0,0,0,0,0,0,0,2,0,1,0,0,0,0
41,336,366,394,320,237,326,322,335,297,378,385,320,296,322,321,318,262,276,338,290,300,313,287,322,300,286,344,344,243,386,292,252,301,371,276,279,294,332,407,329,313,427,390,389,350,349,337,357,345,318,403,329,248,393,325,337,303,311,286,338,433,385,314,303,300,374,370,303,374,336,343,357,430,334,345,315,261,376,357,295,335,352,351,307,400,337,385,314,315,342,368,372,348,368,365,349,394,393,430,410,366,437,380,415,444,407,392,401,405,449,473,431,404,559,458,487,458,448,452,465,398,518,536,430,376,392,499,443,438,484,454,439,465,463,521,417,398,419,510,442,412,527,447,439,466,426,455,457,424,448,468,512,426,499,453,517,550,539,590,557,379,443,443,442,481,543,493,534,562,551,637,515,329,574,501,533,562,603,449,556,577,598,642,530,454,565,501,582,537,665,628,592,572,652,684,531,485,537,538,608,621,681,621,659,632,701,688,617,555,514,586,647,472,564,422,428,510,455,476,439,364,462,484,475,341,453,380,386,541,418,521,411,361,389,421,411,392,501,400,412,372,411,473,415,249,338,342,391,379,381,397,348,339,363
42,886,975,886,852,874,894,928,924,838,931,802,805,894,770,835,794,736,804,814,806,746,817,769,831,835,762,1001,840,733,887,902,744,865,676,579,643,785,794,933,837,761,900,772,828,711,767,733,942,828,826,786,667,564,816,704,655,635,563,533,606,637,601,629,533,520,633,634,579,592,566,540,613,622,547,659,602,501,689,719,648,567,647,598,609,704,553,602,613,452,571,600,506,513,524,595,611,596,600,613,513,511,614,538,557,533,533,500,529,576,477,632,538,461,585,535,578,559,557,448,569,525,568,616,565,512,630,747,729,618,717,497,651,600,682,653,590,595,657,668,558,570,618,531,573,667,690,634,605,548,615,634,567,585,572,558,665,637,633,773,691,582,727,696,598,592,652,536,544,584,548,703,662,629,711,708,656,698,696,582,705,707,722,728,644,607,759,713,726,714,733,695,687,647,667,802,641,595,865,863,756,762,832,731,789,707,754,867,824,659,721,906,883,672,891,851,940,970,967,968,815,898,1013,983,913,831,908,780,817,882,835,802,840,732,964,1028,914,862,1069,861,842,953,908,990,877,794,1041,1134,975,971,933,869,974,1026,983
43,5471,5839,6021,5349,4922,5826,6028,5907,5343,6167,5545,5100,5412,5222,5707,5234,4928,5736,5893,5291,5263,5279,4855,4707,4820,4430,5386,4707,4245,5208,5173,4640,4687,5468,4755,4825,6146,5379,5865,4492,4150,5144,5001,5105,4817,4923,4198,4151,4397,4171,4801,4367,3657,4613,4841,4070,4213,4338,4165,4043,3940,3862,4103,3976,3547,4771,4487,4059,4038,3782,3630,3442,4358,3485,3802,3561,3340,4639,4328,3611,3766,3622,3327,3337,4386,3343,3641,3404,2882,4592,4062,3480,3760,3663,3403,3552,3487,3265,3710,3536,2951,4190,3710,3352,3111,3109,2898,3000,3205,3088,3408,3167,2684,3641,3598,3502,2984,3237,3056,3271,3261,3436,3772,3456,3013,3940,4026,3859,3541,3476,3103,3674,3483,3514,3958,3707,3393,4446,4632,4122,3638,3874,3447,3939,3875,3887,4251,4001,3715,4493,4693,4316,4089,4279,3903,4107,4214,4508,4453,4315,3880,4285,4557,3935,3850,4055,3457,4050,3843,3670,4189,4075,3514,4384,4347,3715,3936,3906,3368,3962,3751,3789,4240,3872,3185,4112,3946,3895,3856,3710,3355,3815,3172,3440,4050,3367,3722,4514,4184,4386,3897,4016,3610,3990,3537,3843,4230,3836,3960,4176,4520,4376,3357,4043,3615,3711,3143,3565,3457,3596,3302,3873,4110,3713,3087,3482,2900,2917,3020,3271,3375,3400,2929,3341,3865,3172,2921,3058,2495,2769,3089,2837,3208,2977,2462,2815,2855,2306,2420,2233,2086,2100,2210,2365
44,295,374,383,345,350,311,312,329,322,376,317,380,329,352,340,296,336,343,367,290,292,355,306,371,301,307,297,371,283,311,318,275,299,397,303,354,345,302,392,327,329,317,327,385,340,314,309,395,318,294,361,292,335,307,348,309,280,273,234,254,225,279,320,274,305,343,340,290,288,321,288,309,319,289,341,269,286,339,284,344,289,318,374,294,370,318,351,317,313,292,382,304,260,283,242,272,246,254,349,288,332,377,439,417,432,411,301,286,331,375,433,379,296,427,497,443,374,348,320,325,321,404,457,355,285,280,289,277,239,290,254,302,276,271,292,270,274,256,283,290,297,354,276,294,267,272,317,255,269,258,295,301,297,277,253,297,245,259,273,238,263,243,278,284,266,258,220,279,240,290,270,248,216,251,294,256,289,282,235,227,222,251,295,194,213,229,293,293,255,249,224,213,211,233,283,227,238,215,269,248,207,261,182,194,206,187,182,171,177,212,214,183,190,197,184,204,178,187,236,190,133,191,231,177,157,150,158,156,141,192,196,154,168,276,189,126,161,181,192,224,158,164,165,150,153,187,163,156,170,194,197,145,159,169
45,4,7,6,4,1,0,6,10,7,8,9,10,5,5,1,5,1,7,4,8,4,13,6,6,8,5,5,10,5,4,4,5,5,6,4,4,4,4,6,3,2,4,4,4,4,3,6,8,4,7,8,7,2,3,5,3,8,7,3,4,2,5,3,3,3,6,7,5,5,5,7,5,8,9,8,8,7,4,8,6,6,4,8,5,8,3,4,12,6,3,8,6,11,5,8,6,7,3,10,7,2,8,10,4,10,6,6,7,7,9,10,9,4,6,5,6,10,8,10,5,7,6,10,5,11,7,10,9,4,4,12,2,7,8,11,5,8,7,12,7,6,11,7,10,3,9,7,9,5,4,8,4,6,17,11,25,10,10,14,6,4,13,11,12,21,16,7,8,15,10,21,15,11,12,10,11,8,10,17,9,10,12,8,9,4,12,9,6,7,5,5,13,5,12,7,7,6,5,5,7,8,8,7,1,2,8,9,3,4,7,3,2,4,7,4,3,4,4,5,4,7,9,5,8,2,7,12,3,17,4,5,8,3,3,4,3,3,2,10,29,9,8,9,5,6,9,12,7,7,6,7,8,5,9
46,54,57,60,56,55,65,75,59,43,57,62,57,42,59,66,73,57,52,55,48,44,56,43,55,50,45,38,44,25,50,33,40,48,30,31,45,34,33,53,50,31,41,37,34,35,32,36,37,33,32,47,39,28,38,28,30,33,33,32,30,28,37,44,38,37,39,46,25,28,37,18,27,33,34,26,31,32,38,36,42,34,32,20,38,32,32,31,37,30,36,44,31,30,23,29,35,26,38,28,37,25,34,44,29,39,29,24,27,40,28,39,39,38,50,35,40,35,36,18,34,25,37,44,27,33,53,37,27,32,27,35,37,27,28,25,36,36,41,28,43,21,28,35,26,39,36,27,39,21,29,40,35,23,32,40,39,28,28,30,30,43,39,28,25,33,44,21,28,30,25,28,42,31,34,46,46,34,33,22,22,40,50,36,37,31,33,34,29,29,43,33,30,36,31,40,30,35,35,40,42,30,27,41,24,37,19,27,35,26,33,32,37,31,33,24,21,30,31,26,25,26,39,26,31,24,28,16,25,22,20,29,25,27,27,29,34,24,26,18,19,24,24,22,25,37,25,32,21,16,16,26,18,25,26
47,9,15,14,14,11,16,10,21,15,19,12,18,13,15,12,14,11,9,16,12,11,13,7,14,9,13,17,8,3,9,18,9,14,17,15,15,8,8,13,13,26,14,14,3,22,12,7,11,14,6,13,10,7,11,18,12,15,12,13,5,12,12,24,7,12,18,12,13,18,9,13,11,11,14,7,11,12,10,9,13,11,14,11,12,16,19,9,14,15,10,14,4,19,7,10,14,9,14,10,12,15,12,15,11,22,8,14,7,9,10,29,7,11,20,6,12,16,14,11,20,14,10,14,7,13,13,19,12,11,25,9,12,17,10,18,16,6,22,18,13,19,13,15,23,25,7,5,10,20,14,13,11,10,27,8,8,35,18,17,9,25,30,24,22,15,14,21,16,16,25,16,10,27,22,16,13,21,9,21,16,22,18,19,15,6,17,25,10,8,16,19,17,16,20,20,21,18,13,17,7,12,22,18,8,7,18,15,20,11,15,11,15,19,15,9,12,13,11,10,8,15,20,11,7,12,16,29,18,13,12,0,12,14,11,30,18,15,26,12,17,16,10,8,14,7,13,8,9,21,26,16,22,17,17
48,82,105,114,77,83,82,88,97,66,72,69,57,49,68,86,84,58,121,76,94,78,79,78,80,77,60,73,84,58,88,77,60,60,46,39,49,48,39,64,60,49,60,68,63,40,48,35,55,42,41,40,32,48,45,42,41,59,45,47,51,36,32,59,42,39,58,67,54,44,56,52,39,48,60,57,49,41,58,61,57,48,58,45,36,37,30,47,42,41,56,52,43,39,45,37,33,38,41,48,65,45,67,51,56,52,41,35,55,32,41,45,52,41,54,63,69,31,36,37,32,23,37,32,35,43,38,33,41,43,43,36,35,39,45,31,41,28,50,56,44,45,43,28,47,39,30,28,52,44,37,55,38,31,29,31,41,31,47,31,51,48,40,43,35,40,29,32,29,31,36,43,36,44,56,51,47,36,36,16,38,20,23,26,29,22,40,35,27,49,54,44,50,35,31,58,32,56,62,53,55,39,62,31,39,34,42,65,38,48,32,44,47,33,37,46,30,35,39,34,47,34,38,49,42,26,33,27,14,21,26,16,23,33,26,32,38,29,37,30,20,28,34,29,20,21,29,41,20,20,24,28,31,16,21
49,35,32,30,26,36,23,22,27,29,25,18,33,23,35,17,34,15,26,30,53,41,41,29,21,44,43,29,24,18,21,31,12,23,29,15,19,30,17,37,28,24,24,16,16,31,24,19,24,12,16,23,10,10,24,24,16,35,20,32,26,22,26,23,21,26,33,14,21,37,21,29,34,17,18,25,20,14,30,23,28,29,28,14,19,8,17,21,26,20,25,26,20,28,16,16,17,25,31,15,25,18,40,28,18,16,41,17,20,18,14,28,18,28,18,30,16,23,41,18,31,11,24,35,14,32,27,64,29,25,27,17,24,34,21,20,36,11,34,36,23,34,25,25,31,56,17,23,23,41,29,33,30,22,41,13,22,35,41,28,28,36,29,31,45,25,30,24,21,24,28,25,24,45,16,14,18,21,12,25,26,42,37,43,42,29,28,34,24,26,20,29,27,31,40,25,27,31,19,30,22,23,31,21,25,14,26,18,32,19,28,30,22,33,13,10,30,29,19,20,27,23,37,17,16,21,33,52,23,31,28,24,16,21,16,30,25,31,45,32,20,47,18,16,13,24,37,23,31,28,36,21,14,32,27
50,27,37,47,30,46,39,38,63,40,41,28,41,30,35,48,44,48,39,46,55,43,72,70,68,65,53,70,59,70,58,89,91,87,101,101,47,80,86,126,118,90,116,122,143,128,108,102,148,102,120,122,106,141,131,128,115,116,151,175,166,206,255,246,218,236,186,169,201,195,152,139,152,151,163,193,176,185,183,176,192,177,184,144,162,202,181,172,168,148,200,162,162,159,188,148,174,187,132,175,186,190,185,155,163,188,176,146,170,183,171,184,193,207,188,219,218,197,187,156,184,157,185,197,226,221,207,269,228,239,229,198,200,225,230,262,263,278,225,239,268,247,262,262,302,311,298,315,290,282,279,280,272,295,384,352,390,337,376,421,398,410,427,453,407,399,371,338,351,388,438,378,301,164,234,190,131,186,80,53,39,52,74,89,63,73,67,50,51,46,46,50,29,25,39,38,42,30,37,47,36,43,35,32,47,30,37,48,49,38,54,61,58,40,35,35,33,24,41,51,56,43,56,40,47,37,46,38,48,30,31,29,46,46,30,52,44,40,46,41,30,43,37,42,39,33,45,46,38,42,46,47,34,46,37
51,2,0,1,0,0,0,0,0,1,0,0,0,0,0,0,0,0,0,0,2,0,0,0,0,0,0,0,2,0,0,0,2,0,0,0,0,1,0,0,0,0,0,0,0,2,0,0,1,0,0,0,0,0,0,0,2,0,0,0,0,0,0,0,0,0,0,0,0,0,0,0,0,0,0,0,0,0,0,0,0,0,0,0,1,0,0,0,0,0,0,0,0,0,0,0,0,0,0,0,0,0,1,0,0,0,0,0,0,0,0,0,0,1,0,0,0,0,0,1,0,0,0,0,0,1,0,0,0,0,0,0,1,0,0,1,2,0,1,0,0,0,0,0,0,0,0,1,2,0,0,2,0,0,0,0,0,0,0,0,0,0,0,0,0,0,0,0,1,2,0,0,0,0,0,0,0,0,1,0,0,0,0,0,1,1,0,0,0,0,0,0,0,0,2,0,0,1,0,0,0,0,0,2,0,0,0,0,0,0,0,0,0,0,0,0,1,0,0,1,0,0,0,1,0,0,0,0,1,1,0,0,0,0,0,0,0,1,0,1,0,0,0,0,0,0,0,0,0,0,0,0,0,0,0
52,91,117,110,84,63,63,127,115,73,177,93,120,101,115,89,89,40,51,119,111,154,111,108,94,115,106,93,74,35,50,79,70,88,91,71,65,71,56,77,63,34,39,56,55,67,54,35,32,24,28,46,12,18,33,12,16,18,11,18,9,20,25,31,24,24,48,43,22,45,28,53,27,20,27,21,10,23,29,17,18,43,21,19,18,38,49,24,27,28,45,36,27,31,30,25,24,24,24,35,18,44,38,38,27,33,38,23,14,25,24,50,24,29,39,19,20,27,28,16,45,28,33,35,22,27,21,46,33,20,22,33,39,29,35,21,24,9,24,31,21,35,32,11,30,64,15,19,13,43,16,21,28,22,37,12,21,43,20,24,23,24,31,39,34,19,27,19,18,22,30,26,39,33,16,20,13,32,23,21,19,20,45,28,25,10,18,12,20,7,6,17,19,34,25,18,19,26,15,24,10,14,19,30,17,14,22,21,23,17,28,10,16,18,30,7,3,16,14,16,12,10,10,11,12,15,12,20,17,14,9,11,27,11,9,21,22,15,16,12,19,23,18,7,4,13,11,4,18,22,16,10,7,15,17
53,28,37,33,49,54,26,41,26,21,35,41,42,30,27,45,37,35,22,40,37,34,30,25,31,37,28,49,36,25,28,30,19,22,70,55,43,60,59,71,79,68,63,52,48,56,69,76,86,78,54,67,81,73,59,56,68,60,66,56,50,74,73,82,68,62,79,59,65,79,48,71,69,88,73,58,74,68,53,74,59,60,69,65,60,102,71,74,76,65,51,64,86,59,55,69,61,54,87,58,82,82,66,83,74,59,70,82,37,72,50,74,64,55,66,78,49,66,56,54,61,54,50,52,78,65,47,45,57,60,53,51,63,65,61,78,71,60,74,66,84,68,54,61,63,67,55,64,59,62,42,49,69,42,49,62,58,59,51,69,63,61,49,55,62,73,57,49,44,62,44,69,71,55,30,44,37,58,38,54,44,52,41,59,46,38,44,47,48,45,40,42,42,46,34,52,61,44,32,34,41,54,36,42,39,33,42,42,35,26,31,33,35,39,47,35,43,32,38,19,45,42,34,32,36,35,30,28,33,33,46,28,39,42,33,49,35,56,37,32,48,44,36,24,30,28,52,21,33,38,32,30,21,25,35
54,13,18,20,20,21,10,17,6,9,19,12,13,10,22,21,12,14,7,12,15,17,17,13,27,17,25,23,23,10,5,9,17,10,27,23,27,31,28,35,36,15,30,27,32,24,29,33,35,26,33,39,28,17,34,32,28,26,26,27,36,32,33,26,36,22,22,21,29,34,24,18,33,25,28,33,26,23,20,32,40,26,36,33,28,28,28,31,32,27,28,19,33,30,36,31,30,34,30,34,30,17,29,23,28,31,34,24,26,46,45,29,36,15,26,21,27,14,21,32,27,24,22,27,29,12,24,25,29,15,32,23,16,27,30,23,28,20,20,23,26,23,25,17,19,23,23,22,27,18,22,37,27,25,27,17,22,19,24,33,21,12,13,24,14,18,23,16,27,25,19,18,27,15,18,19,17,12,17,19,10,17,15,10,19,8,12,14,17,17,14,16,14,12,9,14,19,10,6,8,12,9,16,17,16,9,10,11,12,14,13,11,16,11,10,15,8,13,11,10,12,5,7,12,7,9,10,7,13,4,4,7,13,10,7,5,6,9,10,9,6,7,13,11,6,3,7,5,11,5,11,3,7,11,6
55,106,119,91,99,103,108,107,117,100,132,110,118,100,112,107,97,77,71,121,108,89,113,98,77,81,71,85,64,57,50,66,74,65,77,79,67,79,74,88,70,57,55,67,75,88,76,57,66,58,39,40,39,42,34,35,49,47,31,42,44,57,60,49,40,69,52,60,30,70,48,52,72,43,59,63,45,33,46,56,77,66,80,86,81,59,61,71,68,49,80,61,71,93,64,98,75,73,62,95,100,71,64,88,82,67,86,82,92,69,85,113,75,84,77,91,85,106,101,109,96,78,113,128,103,74,115,98,93,133,125,102,97,84,114,122,93,97,97,120,128,146,144,142,124,129,91,107,127,105,97,122,135,147,127,131,143,96,181,206,118,91,130,132,138,137,139,133,126,114,127,127,117,82,94,128,128,144,146,124,144,107,126,136,112,75,102,96,117,83,147,101,78,84,88,99,69,58,65,76,83,63,93,61,67,67,73,105,80,75,53,56,82,67,79,69,76,81,75,88,83,45,50,66,62,38,62,61,49,38,44,63,58,27,44,36,46,34,42,53,51,51,35,55,46,40,24,46,42,47,53,56,57,40,55
56,171,215,167,158,173,156,153,196,168,190,179,196,171,164,162,108,109,129,149,127,156,160,159,145,129,136,121,116,103,118,146,152,119,146,122,120,114,132,146,89,90,119,84,132,101,84,109,88,119,82,71,70,68,79,112,60,73,71,56,56,48,44,79,58,56,66,76,56,85,114,62,91,44,88,61,48,51,58,47,71,47,70,57,41,52,58,40,59,64,70,64,57,65,60,57,51,52,58,86,70,46,76,73,62,85,65,72,52,60,68,81,74,74,57,59,51,56,65,53,52,35,50,58,38,40,40,64,65,44,45,53,48,29,58,50,35,42,44,38,50,35,43,30,65,31,56,53,58,50,34,40,62,42,48,40,45,25,40,27,57,31,33,54,25,47,41,33,24,21,28,27,30,32,38,40,38,33,26,34,27,29,40,41,52,55,27,29,46,29,44,25,34,33,42,57,42,29,15,32,41,33,41,45,40,43,45,33,42,31,26,30,43,37,31,38,35,44,44,67,48,41,46,35,40,32,42,35,57,43,53,35,41,28,34,37,32,25,40,31,36,30,26,36,35,25,38,29,38,37,61,49,52,46,54
57,718,825,811,897,743,773,866,923,867,872,791,901,743,782,791,770,654,695,807,896,738,850,829,794,682,722,843,735,672,660,909,861,848,977,828,765,824,1089,1024,810,604,711,807,951,801,916,918,904,667,664,807,623,605,626,712,791,861,768,844,680,636,780,976,785,653,741,872,751,906,897,905,860,589,855,995,764,606,787,805,924,923,1141,903,763,834,815,946,935,863,923,1004,942,1053,769,710,753,691,645,851,808,590,705,787,814,800,949,762,719,629,752,934,883,813,800,849,961,851,873,793,804,607,631,743,647,535,505,640,672,609,744,683,629,381,452,635,839,610,518,633,699,615,604,568,557,421,406,518,513,519,386,445,514,510,583,489,465,401,500,558,504,362,456,432,470,489,502,457,337,344,406,448,390,288,327,365,440,333,456,337,285,290,394,422,343,253,335,338,259,311,257,229,229,190,209,296,181,163,153,200,238,206,188,159,199,186,195,230,211,167,143,199,247,215,243,217,211,228,181,247,220,122,117,161,159,148,191,179,243,192,180,179,234,201,179,208,212,226,235,198,168,164,157,247,254,177,199,225,230,288,275,231,251,169,200
58,10,3,5,2,5,2,4,4,2,2,3,7,6,2,3,4,0,3,7,5,7,3,6,7,3,5,3,4,5,10,3,11,9,10,3,5,11,11,9,18,20,13,20,32,31,40,41,56,44,42,42,58,58,41,71,45,62,48,60,37,41,56,68,63,93,102,90,99,124,121,118,152,133,104,110,111,100,108,76,74,78,113,111,66,88,88,66,90,97,62,77,102,88,102,88,97,105,82,117,123,94,83,141,136,142,128,138,123,137,101,151,99,95,86,57,85,100,62,75,67,40,51,76,127,134,151,151,138,139,114,103,101,76,94,103,83,73,59,51,70,33,51,37,54,43,46,62,62,62,91,56,60,59,49,31,46,29,47,39,27,23,22,23,23,53,37,49,101,61,78,84,65,60,67,37,56,55,61,65,41,28,37,55,64,51,56,55,54,63,91,41,43,22,28,37,50,34,49,27,30,40,35,24,27,34,28,33,29,37,25,28,34,29,17,30,28,26,22,32,42,41,41,39,31,14,16,21,7,15,3,3,3,6,4,2,2,3,7,4,4,4,4,6,6,4,2,3,0,4,5,6,15,4,2
59,11,5,7,6,6,5,3,8,4,8,7,6,0,1,4,4,3,5,6,4,9,2,8,5,2,3,4,9,4,7,8,5,7,4,3,6,6,5,10,3,2,8,7,0,1,0,6,3,1,0,7,1,0,1,4,8,5,7,14,2,7,8,1,2,1,1,1,0,1,1,1,3,3,1,1,2,1,0,1,5,2,6,5,0,0,1,1,1,2,4,3,4,9,4,4,3,8,2,6,4,2,3,1,8,4,7,11,3,5,1,7,4,3,10,17,4,8,4,7,3,2,4,5,2,5,4,6,3,5,3,5,7,8,7,1,2,4,3,5,5,5,9,1,6,1,4,7,5,5,4,12,7,6,4,9,11,6,1,2,2,3,9,5,3,6,3,2,2,2,3,0,1,0,2,2,0,1,0,1,0,2,3,6,2,2,1,2,0,0,1,2,1,2,4,9,1,0,1,1,0,0,1,1,3,2,0,1,1,0,0,3,1,3,6,7,3,1,2,1,1,1,0,1,7,6,2,1,3,1,4,4,2,3,2,1,1,1,3,0,2,4,3,2,1,2,4,4,4,3,7,0,0,0,2
60,0,0,0,0,0,0,0,0,1,0,0,0,0,0,0,0,0,1,0,0,0,0,0,1,0,0,0,0,0,0,0,1,0,1,0,0,0,1,0,0,0,0,0,0,2,1,1,2,0,1,0,0,0,0,0,0,0,0,1,0,0,0,0,0,2,0,0,0,0,0,0,1,0,0,0,0,0,0,1,1,0,1,0,0,0,0,0,0,0,0,0,0,0,1,0,0,0,0,0,1,0,0,0,2,0,0,1,0,2,0,1,0,0,1,0,0,0,0,2,1,0,0,0,0,1,1,1,0,0,0,1,0,0,1,1,0,0,1,0,0,0,0,0,0,0,0,0,2,1,0,1,0,0,0,0,2,0,0,1,0,0,1,0,0,0,0,0,1,0,0,1,0,2,1,1,0,0,0,1,1,1,0,0,2,0,1,0,4,1,0,1,0,0,0,0,0,0,0,0,0,0,0,0,0,0,0,6,0,0,0,0,1,1,0,1,2,1,0,0,1,0,0,0,0,0,1,1,0,0,0,0,0,0,1,3,0,0,1,0,1,0,5,28,1,0,2,0,2,4,0,4,3,4,1
61,10,7,5,7,3,5,8,6,14,11,7,8,7,14,5,5,7,14,10,13,12,13,9,12,13,16,15,15,7,10,7,17,8,18,13,26,18,17,5,5,5,5,9,5,7,8,4,1,1,2,1,3,3,1,6,0,3,5,4,2,4,3,8,8,1,2,2,2,2,2,3,3,2,0,1,5,3,6,3,1,3,5,5,1,4,3,6,1,1,1,3,5,2,5,11,4,4,5,0,4,2,2,1,5,4,2,3,0,2,4,3,1,1,1,3,4,1,3,1,0,5,3,3,4,0,3,6,2,2,3,4,3,0,0,8,3,0,3,2,2,0,1,0,3,3,0,0,2,1,0,0,0,1,3,2,0,1,0,0,1,1,1,1,1,1,0,2,0,3,0,3,0,0,3,0,0,2,3,1,0,1,0,1,1,1,2,3,1,3,4,2,1,1,0,5,3,1,53,2,0,1,2,1,2,2,1,3,2,4,1,3,0,3,4,2,1,4,1,6,1,1,0,1,2,1,3,4,0,6,3,3,1,1,5,2,2,0,2,3,1,5,5,2,3,1,7,3,5,4,5,7,2,9,3
62,4,7,16,1,7,5,5,5,5,9,16,3,4,2,3,4,4,13,9,6,8,8,2,2,7,2,7,4,5,9,7,7,6,3,4,3,4,6,3,3,4,10,7,4,16,6,4,7,3,7,1,6,7,13,12,10,6,7,5,10,5,9,6,7,6,8,7,5,13,9,7,8,5,9,3,7,3,10,8,8,5,9,5,5,5,9,19,6,4,13,9,10,8,7,5,6,2,6,5,6,10,9,11,12,7,2,3,1,5,5,10,8,6,14,10,10,15,12,11,19,4,11,11,4,9,6,6,22,11,5,4,14,5,7,11,8,10,11,10,7,15,7,4,7,4,33,8,13,8,12,10,9,5,8,7,10,5,6,7,5,3,9,10,3,10,7,4,7,5,3,6,6,5,9,9,9,9,6,4,9,2,4,6,2,7,2,7,4,6,13,4,5,11,3,5,12,8,3,6,4,13,4,7,2,6,1,13,1,5,9,8,10,8,3,5,4,11,8,3,1,6,6,6,5,7,10,7,8,7,7,1,1,8,5,5,4,2,4,5,6,8,4,1,2,4,6,2,4,2,5,2,5,4,3
63,33,14,27,22,21,39,28,24,42,41,21,41,28,21,22,32,42,65,22,29,17,24,23,29,22,24,38,20,35,46,30,26,32,24,16,21,25,20,29,20,18,33,23,27,21,31,23,30,27,28,32,15,22,35,12,34,32,42,22,32,34,22,25,26,28,32,31,31,45,22,26,55,27,21,26,28,20,32,19,25,32,35,29,30,29,23,37,31,40,48,44,34,34,35,25,42,31,26,40,31,30,64,31,32,33,44,33,47,31,34,45,54,53,72,86,52,48,43,55,48,39,54,60,50,40,65,52,108,87,42,38,52,30,40,30,46,32,54,40,39,32,52,30,46,44,189,30,36,24,41,39,49,31,29,42,35,45,30,24,28,31,43,61,38,30,51,35,40,37,33,32,51,45,46,36,30,33,36,35,50,29,43,47,55,32,32,48,36,73,51,64,45,41,48,48,38,54,46,43,25,35,30,26,83,23,28,34,30,34,44,46,41,28,35,38,49,24,39,40,21,27,31,38,42,39,32,22,27,42,30,36,47,32,35,36,42,31,58,32,41,47,32,35,28,36,30,26,32,29,31,29,24,31,46
64,0,1,0,0,0,0,0,0,0,0,0,0,1,0,1,0,0,0,0,0,0,0,1,0,1,0,0,0,1,0,0,1,0,0,0,0,0,0,0,0,0,0,1,0,0,0,0,0,0,0,0,0,0,0,0,0,0,0,0,0,0,0,0,0,0,0,0,0,0,1,0,0,0,0,0,0,0,0,0,0,0,0,0,0,0,0,0,1,0,0,0,0,0,0,0,1,0,0,0,0,0,0,0,0,0,0,0,0,0,0,0,0,0,0,0,0,0,0,0,0,0,0,0,0,0,0,0,0,0,0,0,0,0,0,0,0,0,1,0,0,0,0,0,0,0,0,0,0,0,0,0,0,0,0,0,0,0,0,1,0,0,0,0,0,0,0,0,0,0,0,1,0,0,0,0,0,0,0,0,0,0,0,0,0,0,0,0,0,0,0,0,0,0,0,0,0,0,0,0,0,0,0,0,0,0,0,0,0,0,0,0,0,0,0,0,0,0,0,1,0,0,0,0,0,0,0,0,0,0,0,0,0,0,0,0,0,0,0,0,0,0,0,0,0,0,0,0,0,0,1,1,0,1,0
65,0,2,0,1,1,1,1,0,2,0,0,2,1,1,2,2,0,1,1,0,2,2,0,0,0,1,1,1,1,1,1,1,0,0,0,0,0,1,0,0,0,0,0,0,0,0,0,0,0,0,0,0,0,0,0,0,0,0,0,0,1,0,0,0,0,0,0,0,0,0,0,0,1,0,0,0,0,0,0,0,1,0,0,0,0,0,0,0,0,0,0,0,0,0,0,0,2,0,0,0,0,0,0,0,0,0,0,0,0,0,0,0,0,2,0,0,0,0,0,0,1,1,0,0,0,1,0,0,0,0,0,0,0,0,0,0,0,0,0,0,0,0,0,0,0,0,0,1,0,0,0,0,0,1,0,0,0,0,0,0,0,0,0,0,0,0,0,0,0,0,0,0,0,0,0,0,0,0,0,0,0,0,0,0,0,0,0,0,0,0,0,0,0,0,0,0,0,0,0,0,0,0,0,1,0,0,0,0,0,0,0,0,0,0,0,0,0,0,0,0,1,0,0,1,0,0,2,0,0,0,0,0,0,0,1,0,1,0,0,0,0,0,0,0,0,0,0,0,0,2,0,0,1,0
66,67,69,59,63,49,66,70,49,60,65,53,52,50,74,70,51,64,99,102,74,78,68,91,56,66,78,85,71,72,88,88,68,68,92,62,62,88,93,115,101,78,114,112,130,114,104,87,114,96,103,80,66,53,85,103,101,105,91,83,75,75,97,67,107,77,123,106,103,78,88,89,93,135,71,89,82,55,111,124,101,105,95,93,92,90,183,140,86,90,121,159,147,148,160,102,114,109,156,144,79,96,105,160,109,123,111,124,142,106,93,124,78,109,125,137,139,149,125,149,149,85,112,115,99,123,139,138,154,106,121,110,140,104,102,121,97,69,96,97,105,104,168,81,104,76,90,105,89,73,76,111,109,93,81,101,105,62,81,93,66,58,97,120,68,80,85,59,84,76,78,70,84,75,103,118,90,78,74,83,114,71,82,76,84,77,61,103,98,107,81,83,94,88,78,133,89,92,101,141,124,116,133,94,115,185,125,115,106,95,102,151,129,107,128,151,132,127,112,134,132,109,151,165,100,105,98,85,79,108,97,124,67,54,106,102,111,88,99,80,88,85,79,86,84,57,104,103,92,103,81,82,69,70,55
67,872,859,833,825,796,849,875,925,829,935,901,895,890,829,916,874,782,870,1004,840,851,795,804,867,884,846,947,906,824,862,921,860,1014,1103,918,981,1042,1042,1103,1134,959,1008,1058,1012,1000,965,837,978,919,808,753,618,536,747,720,719,626,619,685,720,720,566,621,583,497,718,708,637,620,608,590,606,613,483,567,493,394,549,587,571,506,611,523,680,651,556,610,585,489,623,763,680,643,783,740,864,768,766,828,670,544,760,812,793,847,924,750,850,810,757,893,796,694,761,807,854,844,914,783,974,817,905,956,912,851,932,866,1129,932,1027,766,1088,947,940,1027,990,912,1071,1095,1116,1083,1318,1118,1284,1127,1222,1027,1018,963,1096,1192,1101,1099,1240,1129,1169,1081,1175,1129,1207,962,1190,1252,1149,1226,1309,1156,1507,1371,1344,1516,1417,1133,1432,1258,1304,1466,1403,1422,1537,1433,1480,1557,1310,1061,1395,1428,1358,1532,1424,1349,1523,1374,1453,1513,1202,1246,1456,1463,1422,1380,1473,1389,1567,1324,1538,1488,1361,1358,1361,1517,1486,1314,1403,1315,1367,1456,1521,1388,1226,1046,1235,1410,1276,1265,1327,1183,1156,1301,1267,1378,1131,1013,1229,1252,1117,1225,1267,1141,1304,1294,1202,1275,1185,970,1393,1364,1251,1280,1164,1111,1237,1092,1087
68,211,221,227,228,193,201,193,239,208,263,242,231,213,236,217,211,178,245,234,211,216,223,240,168,239,215,281,308,189,249,279,217,240,363,310,346,293,364,429,392,307,417,432,402,401,472,476,543,479,526,470,470,360,497,555,652,528,519,577,595,609,587,544,471,375,632,602,525,443,416,414,532,470,414,448,415,353,478,436,421,438,445,403,437,517,441,536,486,358,642,728,596,669,645,597,677,658,757,788,663,543,741,828,755,706,737,665,801,616,654,786,678,497,768,873,812,789,869,754,888,703,840,900,871,758,922,935,1084,905,935,742,1002,801,804,875,810,682,1015,1001,997,996,1169,855,1029,1012,1089,1106,1098,809,1070,1188,1019,976,941,1060,1087,1019,1086,1064,1011,842,1120,1088,995,1048,1104,897,1126,1120,1042,1125,976,684,1198,1083,1193,1133,1266,1054,1243,1188,1158,1448,1218,851,1403,1312,1340,1483,1527,1453,1727,1486,1502,1650,1396,1243,1709,1898,1816,1664,1812,1587,1614,1263,1458,1710,1438,1198,1568,1749,1562,1319,1458,1396,1368,1478,1718,1785,1636,1402,1732,2199,2180,1581,1763,1349,1533,1594,1615,1932,1551,1217,2040,1791,1599,1576,1898,1693,1914,1884,1648,1775,1587,1069,1845,1667,1682,1730,1548,1397,1489,1498,1561
69,3,2,3,3,1,3,3,6,0,3,0,12,2,6,5,3,1,5,2,4,1,0,6,4,5,3,6,3,2,2,5,2,5,9,7,11,7,13,11,6,8,9,15,9,22,19,21,23,28,35,26,24,21,60,22,52,66,55,78,148,151,185,231,448,631,566,736,892,879,883,810,886,814,932,936,935,861,785,985,1307,994,1111,756,774,746,754,813,783,769,736,824,819,773,883,785,709,742,671,765,612,633,779,919,828,926,953,962,900,782,865,857,842,677,515,695,806,877,993,999,940,764,894,959,1077,1364,1128,935,920,739,1065,1035,816,721,855,866,743,741,716,680,749,777,810,651,724,587,591,709,683,651,532,699,648,590,642,534,591,489,499,524,415,428,473,479,498,485,548,490,532,520,494,579,504,403,447,396,387,469,544,386,540,471,591,572,563,553,630,536,634,580,623,438,425,340,420,433,380,360,334,383,331,339,334,248,271,307,350,399,332,294,302,320,339,321,352,337,294,310,326,303,325,265,226,194,437,289,289,261,359,298,330,429,337,267,318,310,244,262,339,321,287,341,354,374,376,267,372,279,412,425,452,510,490,427,355
70,4,7,4,10,4,6,3,10,4,4,4,8,7,6,12,8,6,6,5,2,7,11,6,4,5,4,4,2,5,5,4,5,3,7,6,3,5,4,16,9,7,8,12,11,11,9,11,6,20,17,14,5,7,15,12,10,12,9,12,26,6,2,10,7,16,15,15,22,9,1,2,3,2,3,6,4,1,5,4,13,6,4,16,4,1,0,5,2,2,1,0,2,2,1,0,0,3,1,0,1,3,2,1,3,1,1,1,3,5,7,4,3,1,2,2,5,12,3,2,7,0,2,2,2,3,8,2,2,6,3,4,0,1,2,3,4,4,15,7,5,26,6,3,7,8,4,2,2,3,5,3,1,4,2,5,5,2,8,8,11,3,5,16,10,7,16,8,13,13,4,10,14,10,12,6,9,13,9,9,16,9,0,17,8,7,14,10,5,7,6,8,6,5,6,6,9,2,2,7,2,12,9,6,7,10,9,11,5,162,7,13,17,7,8,7,2,5,5,10,7,2,10,2,3,4,14,5,3,6,2,7,7,3,6,9,4,2,7,6,10,2,4,11,15,5,4,8,10,8,6,23,18,38,28
71,21,13,17,13,17,12,20,18,10,15,9,17,10,14,11,9,8,8,6,17,12,9,10,16,10,9,4,9,9,5,8,0,9,5,6,5,14,10,15,14,13,13,13,6,19,15,11,17,7,6,7,7,10,10,7,2,10,11,15,13,21,19,14,9,57,47,67,68,50,66,60,66,64,43,64,62,82,58,75,88,59,84,59,56,62,48,72,56,79,53,57,67,73,83,79,77,71,59,92,93,102,82,107,92,107,98,88,61,70,73,83,57,47,42,46,53,35,43,49,37,53,27,48,53,51,57,62,64,55,111,86,61,54,83,89,56,51,49,85,95,69,85,75,77,57,44,80,87,61,66,63,60,75,59,56,68,75,81,69,74,76,90,63,54,53,74,51,56,49,35,55,46,49,61,55,52,45,51,48,61,48,50,59,51,45,50,29,50,66,52,135,155,167,170,150,131,133,128,108,56,144,148,93,109,135,149,145,147,41,131,129,152,196,169,157,161,145,149,178,140,126,162,119,261,211,219,232,208,148,178,169,148,166,162,108,116,108,130,162,153,177,174,231,265,199,277,252,232,276,277,276,292,254,269
72,146,123,152,137,130,163,172,180,135,182,121,142,120,122,137,133,121,161,181,167,155,141,143,132,143,136,145,112,135,125,152,162,127,133,136,116,118,121,192,135,143,124,137,156,137,126,142,112,113,98,160,116,90,138,133,133,143,133,112,129,135,151,130,173,197,216,210,240,218,206,155,167,191,184,231,190,173,159,198,191,162,197,162,178,167,142,215,169,190,197,207,213,247,204,187,157,175,199,219,213,191,226,253,232,265,225,200,197,199,227,240,192,166,250,214,240,254,218,205,172,162,165,208,195,172,227,244,210,246,224,208,219,187,213,271,211,153,210,278,206,210,241,232,216,221,178,220,245,190,218,220,221,238,241,213,232,206,214,241,212,193,223,256,209,221,244,242,202,203,188,230,193,165,213,217,193,202,231,197,153,177,176,218,190,147,194,193,198,175,187,155,137,129,156,211,169,179,173,153,184,150,184,143,140,142,124,127,135,102,108,178,183,137,125,129,112,120,113,122,113,97,103,132,128,110,123,96,91,101,95,100,106,94,118,130,100,127,110,83,109,97,119,126,84,83,112,114,115,119,106,92,118,87,93
73,211,232,256,222,248,291,288,282,238,259,201,252,197,230,207,240,209,310,325,297,301,235,245,256,215,210,274,211,202,253,263,240,232,201,188,184,192,192,285,222,210,282,243,228,213,210,214,227,171,187,193,175,166,237,248,246,229,176,184,180,151,191,210,195,211,273,252,262,218,261,223,234,243,222,272,212,204,220,220,245,230,200,193,205,222,200,249,201,177,258,275,247,218,234,213,210,218,238,246,198,201,271,262,267,271,278,229,238,224,196,210,188,166,266,263,221,278,225,196,239,168,191,204,192,160,245,216,244,206,245,203,208,186,211,211,174,166,230,211,246,261,386,194,228,192,170,216,225,215,200,267,204,204,193,145,186,148,173,174,177,202,219,228,167,214,189,182,188,184,200,168,173,156,206,181,192,178,168,163,152,152,176,187,169,150,186,179,181,188,198,172,142,138,150,162,139,145,128,145,182,131,124,123,124,132,112,130,101,112,132,128,164,129,119,116,102,92,104,133,110,90,128,106,146,109,146,97,106,96,107,142,101,102,133,130,109,112,135,95,97,95,102,110,96,83,105,140,113,121,101,98,111,99,101
74,197,254,260,218,212,201,217,262,227,227,220,259,209,256,218,197,209,188,267,254,216,245,191,256,191,231,235,228,208,195,223,228,205,242,209,277,212,222,273,220,195,199,191,226,217,231,227,255,205,229,257,193,192,183,189,210,178,194,173,168,157,176,209,207,184,215,215,198,229,234,253,265,218,246,237,258,205,191,221,250,230,241,252,293,211,228,294,232,253,247,281,275,326,302,293,293,240,252,325,307,217,279,254,275,346,363,342,344,318,319,321,228,211,244,252,242,310,290,293,246,201,229,254,215,186,175,194,202,195,242,187,230,165,204,220,204,174,125,156,155,131,215,160,155,116,133,144,130,113,138,141,126,150,179,136,163,133,113,136,131,132,126,104,142,170,201,177,204,184,173,178,127,107,101,96,124,142,145,125,138,116,144,173,135,103,125,101,120,150,144,131,114,84,128,148,117,69,78,97,97,110,120,103,99,109,117,110,91,87,78,86,147,114,129,111,116,114,119,130,111,84,87,94,106,69,69,57,72,74,92,156,70,51,70,74,67,77,93,73,86,74,84,89,66,64,71,70,83,69,80,83,100,68,73
75,3,6,9,9,12,2,1,10,2,2,5,3,4,1,3,7,2,8,3,1,7,5,12,4,9,8,3,3,8,4,2,8,6,5,4,6,6,0,9,7,1,4,6,7,6,5,6,6,6,7,3,2,6,4,12,3,4,1,7,10,5,4,5,8,3,6,3,2,3,3,3,5,5,3,10,8,2,1,1,3,5,4,3,3,6,5,6,2,1,3,2,3,7,7,2,6,1,1,3,2,0,4,2,0,1,0,3,2,1,3,1,1,0,4,0,1,1,0,0,0,26,2,1,2,1,10,0,2,0,7,4,6,3,5,0,1,0,9,21,22,0,38,14,17,32,30,6,2,5,0,25,8,16,38,0,0,13,5,18,42,1,0,0,1,0,4,0,6,0,1,1,1,0,1,3,0,1,0,0,3,1,5,5,11,3,4,0,4,5,5,5,0,2,5,6,4,4,8,7,9,9,25,18,15,21,16,15,18,19,12,18,16,21,24,25,18,21,17,27,18,21,12,30,21,22,27,22,8,11,20,34,12,17,13,32,6,17,32,10,32,11,29,27,21,13,9,9,26,19,25,16,40,15,30
76,6,14,17,8,11,24,19,18,9,13,19,3,15,10,12,12,9,9,8,10,8,10,8,4,7,2,5,8,9,10,17,15,13,6,2,5,27,18,13,21,21,27,28,24,5,7,4,1,9,4,9,9,17,37,27,17,15,15,20,9,21,18,22,27,24,22,17,23,16,15,16,11,26,39,17,23,32,20,27,13,12,4,6,3,4,6,6,5,4,3,9,8,46,2,2,6,0,2,1,0,1,2,1,0,1,3,1,1,0,7,1,1,4,3,9,3,4,2,0,4,0,0,2,0,1,2,1,0,1,1,0,2,0,6,0,0,3,1,1,0,0,0,1,2,1,1,1,2,4,1,2,12,0,13,0,0,0,0,7,3,1,2,13,2,3,2,2,2,1,0,2,1,1,2,5,8,3,5,2,12,2,3,3,13,7,16,13,2,4,1,1,3,3,3,1,3,0,3,2,9,9,1,3,2,5,3,6,2,7,5,9,3,2,3,2,1,2,5,4,1,2,0,1,1,2,3,3,2,2,1,2,2,0,2,3,1,0,1,3,1,2,2,4,2,3,3,3,2,1,2,1,1,0,2
77,8,8,11,8,6,10,13,11,14,20,6,9,3,3,11,9,4,10,9,11,6,11,9,9,6,13,7,3,4,6,7,3,4,2,7,8,4,6,8,1,1,2,1,2,3,2,0,1,0,1,0,0,0,1,0,0,2,3,0,1,0,1,1,0,3,1,1,1,0,0,1,1,0,0,0,0,3,1,0,1,0,0,2,1,0,0,1,0,0,0,2,2,1,1,0,0,3,1,0,1,1,1,1,0,0,2,1,1,0,2,2,0,0,1,1,0,0,0,1,1,0,1,0,0,0,0,0,1,2,2,0,0,0,0,0,0,0,0,1,0,3,2,2,3,0,0,0,0,0,3,7,2,6,7,0,1,4,3,3,0,0,4,2,0,1,2,0,2,2,0,3,1,1,0,1,0,0,0,0,0,0,1,0,0,1,0,1,0,0,1,0,1,1,0,0,1,0,0,1,0,0,0,1,1,0,0,0,0,0,1,0,4,0,2,2,1,0,0,1,0,3,1,1,1,0,7,2,3,3,3,2,0,4,3,4,6,3,4,5,1,3,8,5,8,2,5,3,2,5,5,0,4,3,4
78,3,3,2,5,3,3,1,5,7,4,2,1,5,3,3,2,0,3,2,2,3,2,2,2,0,1,0,2,5,4,2,0,1,3,3,2,1,2,1,4,3,4,4,2,0,4,3,4,2,4,4,5,0,2,2,1,6,0,1,1,1,0,4,2,5,4,4,4,5,5,2,3,6,7,3,0,4,4,4,2,2,4,5,2,3,2,3,1,5,4,6,2,0,5,6,4,1,5,3,0,5,3,5,6,5,7,3,3,2,1,4,0,7,5,8,2,1,2,5,3,1,5,4,4,4,3,4,4,7,1,3,6,3,1,4,2,5,4,1,8,1,4,3,7,0,3,2,3,4,2,7,4,7,4,6,2,5,7,6,0,3,1,4,2,2,0,2,2,2,2,1,3,1,2,1,0,5,1,1,1,1,2,3,4,2,4,6,4,3,0,3,1,2,4,4,0,4,3,1,2,1,5,1,2,3,4,3,5,6,4,9,5,3,7,6,4,3,7,6,0,4,4,3,5,0,0,2,0,0,0,6,1,1,1,2,1,3,5,1,0,1,3,0,4,1,2,4,0,1,2,1,2,0,3
79,1,1,3,2,0,1,3,3,0,2,0,0,0,0,0,0,0,1,0,0,0,2,1,1,0,0,2,0,0,1,0,1,1,0,1,0,1,0,1,0,1,0,0,0,0,1,1,0,2,2,0,0,0,0,0,1,0,0,0,0,0,0,3,0,0,1,1,0,0,1,1,1,0,0,0,0,1,1,0,0,0,0,0,0,0,0,0,0,0,0,0,0,2,0,0,0,1,0,0,0,0,0,0,0,1,1,1,0,0,0,0,0,0,0,0,1,1,0,3,1,0,1,3,1,0,1,0,3,1,0,2,3,0,0,2,0,0,0,0,0,0,3,1,1,0,0,3,1,0,0,0,0,0,2,0,0,0,1,0,2,0,1,0,1,0,0,0,0,0,1,0,0,1,0,0,0,0,0,0,1,1,0,0,1,0,0,1,0,0,1,0,0,0,0,0,0,0,0,1,0,0,0,0,0,0,0,1,0,3,0,1,1,0,1,0,0,0,0,0,0,0,0,0,2,0,0,1,0,0,0,0,0,0,0,0,0,0,0,0,0,0,0,0,0,4,3,1,0,0,1,1,1,0,0
80,0,0,0,0,0,0,0,0,0,0,0,0,0,0,0,0,0,0,0,0,0,0,0,0,0,0,0,0,0,0,0,0,0,0,0,0,0,0,0,0,0,0,0,0,0,0,0,0,0,0,0,0,0,0,0,0,0,0,0,0,0,0,0,0,0,0,0,0,0,0,1,0,0,0,0,0,0,0,0,0,0,1,0,0,0,0,0,0,0,0,0,0,0,0,0,0,0,0,0,0,0,0,0,0,0,0,0,0,0,0,0,0,0,0,0,0,0,0,0,1,0,0,0,0,0,0,0,0,0,0,0,0,0,0,0,0,0,0,0,0,0,0,0,0,0,0,0,0,0,1,0,0,0,0,0,0,0,0,0,0,0,0,0,0,0,0,0,0,0,0,0,0,0,0,0,0,0,0,0,0,0,0,0,0,0,0,0,1,0,1,0,0,0,0,0,0,0,0,0,0,0,0,0,0,0,0,0,0,0,0,0,0,0,0,1,0,0,0,0,0,0,0,0,1,0,1,0,0,0,0,0,0,0,0,0,0,0,0,0,0,0,0,0,0,0,0,0,0,0,0,0,0,0,0
81,32,16,31,30,31,25,24,41,22,37,30,39,23,34,20,35,25,25,32,30,23,34,26,26,24,24,33,36,20,33,35,36,52,34,27,38,24,25,38,20,23,28,25,27,31,26,24,26,17,27,24,19,13,19,19,25,33,29,26,24,15,11,17,23,27,20,22,19,38,48,31,21,30,31,29,17,34,17,25,35,32,52,18,36,38,35,35,25,35,30,54,33,33,33,37,26,33,37,81,38,30,34,37,23,45,46,40,43,87,57,63,53,44,45,36,50,46,37,53,44,35,37,51,33,48,53,60,52,51,56,41,28,53,61,44,40,49,42,38,45,29,69,58,56,42,76,52,55,66,50,84,71,100,95,73,120,125,91,107,75,88,80,91,67,90,105,102,105,111,106,121,337,105,100,71,88,73,78,99,118,116,147,114,102,127,151,86,154,135,136,123,123,84,167,159,161,81,106,99,119,93,159,76,144,82,108,114,109,81,93,75,87,78,95,85,96,87,76,86,60,70,59,60,96,80,76,80,60,76,51,65,55,51,75,56,50,47,166,56,72,60,55,58,73,103,62,78,82,90,104,145,97,109,101
82,12,5,2,6,5,5,9,9,7,13,10,19,13,9,21,15,14,17,17,20,15,19,17,16,11,15,15,9,25,11,12,50,41,30,28,18,21,30,25,15,22,24,13,32,34,31,35,44,17,17,40,26,46,24,37,41,29,31,24,30,26,26,33,34,28,26,26,42,48,41,48,43,42,58,36,27,45,35,25,21,39,51,43,41,21,33,36,28,27,32,37,39,36,25,26,25,26,24,29,33,22,32,30,36,39,53,34,28,34,30,28,36,33,30,40,43,35,44,20,56,31,34,65,45,40,46,39,43,32,40,33,32,35,47,41,46,40,48,41,75,45,53,53,46,41,31,35,43,25,39,32,36,36,29,34,35,31,28,52,48,33,32,46,48,32,37,34,47,35,34,34,27,13,17,29,21,21,16,22,25,22,22,20,20,21,25,31,32,44,30,37,30,52,60,44,24,11,7,7,11,9,15,7,9,7,5,29,6,4,5,1,8,7,6,8,5,7,8,6,9,9,15,9,16,5,9,4,12,10,6,3,4,10,8,5,14,8,6,7,4,8,5,5,9,5,5,10,10,9,7,12,6,10,6
83,6,13,15,16,17,8,12,7,14,17,11,10,10,10,9,7,12,14,17,14,18,11,15,16,13,8,8,9,8,21,7,19,19,13,16,18,14,12,19,17,19,16,25,12,14,12,22,22,17,19,24,14,10,12,13,8,19,14,20,19,20,19,8,11,21,17,15,15,16,26,14,11,17,16,17,20,14,18,12,14,12,18,17,14,14,16,17,18,15,15,18,14,30,24,24,12,7,18,25,20,15,26,17,21,25,33,20,16,17,17,25,23,17,24,18,27,24,37,23,28,14,25,26,18,22,25,28,22,19,17,21,20,26,28,33,21,27,9,17,21,29,28,21,33,30,17,18,25,16,27,24,13,33,15,18,27,17,23,30,30,25,34,25,32,24,44,30,27,25,23,23,16,19,42,20,22,29,18,16,30,20,20,17,18,25,20,20,20,17,10,18,12,15,14,14,14,10,3,11,10,19,8,11,9,15,20,12,6,10,9,5,15,8,18,17,11,30,19,19,17,14,14,4,10,26,16,13,17,64,10,14,16,16,16,11,11,12,25,14,9,14,19,32,22,12,17,13,19,19,23,25,25,19,17
84,1,2,1,3,2,0,0,1,1,2,6,4,0,3,2,0,1,1,0,1,2,3,3,0,2,1,2,3,1,1,4,0,0,3,3,0,3,1,2,1,1,1,2,2,4,7,5,4,6,6,5,6,2,2,2,2,2,1,2,2,2,5,5,2,2,2,4,2,1,2,2,4,3,0,1,2,2,2,1,3,5,3,8,7,4,6,4,8,9,1,7,4,2,4,3,5,6,2,6,3,2,7,8,5,4,4,10,7,1,2,6,4,1,4,6,8,4,2,4,3,2,2,10,3,2,7,9,5,4,7,9,12,2,3,6,3,4,3,4,3,6,8,9,10,5,7,3,4,9,4,6,5,2,12,5,5,11,8,5,5,4,8,7,8,25,2,4,7,2,6,4,4,5,4,4,2,3,4,1,14,4,5,3,2,1,4,2,2,3,4,3,2,3,3,3,0,1,5,3,4,1,2,5,3,2,2,3,5,1,3,0,2,1,4,4,3,3,4,1,1,1,4,2,2,1,3,0,2,1,2,4,2,0,1,1,1,1,3,5,7,4,2,4,3,3,2,3,0,3,1,1,6,2,6
85,21,24,16,30,21,19,20,16,16,24,21,24,23,17,20,22,19,21,18,18,14,20,16,14,17,13,6,14,20,13,18,12,22,32,21,20,22,31,33,47,33,60,50,51,44,39,45,55,45,61,32,38,33,37,53,36,28,22,33,29,19,29,22,16,27,27,32,27,32,27,37,28,31,19,37,30,17,29,21,27,34,37,31,28,42,28,30,29,34,29,34,19,36,38,24,27,37,32,65,46,24,39,37,38,45,40,50,17,37,31,34,21,32,32,34,37,50,40,50,31,27,32,44,42,44,55,90,33,34,31,50,50,37,31,47,39,38,30,39,44,33,63,32,28,34,34,29,72,15,25,48,23,48,36,36,27,39,36,24,27,10,26,61,49,62,45,38,33,36,34,45,39,32,51,27,48,36,42,32,20,32,27,63,22,32,34,22,38,36,29,23,59,22,65,58,20,29,27,34,14,18,22,23,27,35,43,53,98,41,50,45,60,61,51,42,43,128,26,47,77,15,30,64,37,44,46,62,37,78,44,46,45,21,40,37,91,48,53,65,91,45,61,43,47,34,56,57,36,68,154,55,69,57,56
86,10,14,16,11,14,11,10,9,18,22,21,9,7,13,18,14,9,7,6,12,11,8,18,10,12,18,11,19,16,29,23,32,31,18,24,26,28,21,17,19,25,14,9,13,15,12,14,11,15,15,11,16,13,16,19,13,5,20,19,11,13,16,15,3,5,5,6,10,6,13,8,4,13,10,7,12,8,11,12,15,14,21,20,14,16,21,8,13,11,10,11,11,16,9,14,7,16,12,15,12,14,17,15,17,20,16,16,19,21,13,10,14,13,15,15,20,14,11,11,7,8,13,25,8,8,10,12,10,5,12,7,16,12,9,14,15,8,6,14,8,7,11,8,10,7,11,15,6,3,13,7,8,10,14,13,15,8,13,14,20,19,18,14,12,15,17,17,12,14,12,12,11,15,21,8,11,18,21,14,15,20,18,8,8,21,31,14,7,11,14,17,24,19,9,13,12,5,8,4,12,12,17,13,15,4,5,7,10,10,5,6,11,8,24,17,23,25,38,47,13,1,14,11,3,7,7,3,5,5,1,6,2,5,4,4,6,14,16,19,14,20,18,16,12,24,34,10,15,24,33,18,18,23,24
87,3,4,3,0,7,23,47,27,3,3,0,2,6,6,4,5,5,4,2,3,1,2,5,3,1,3,2,1,1,1,0,1,1,6,4,3,5,6,3,3,8,4,6,2,2,2,7,5,6,4,2,7,8,8,9,4,29,4,4,13,4,1,8,14,8,4,8,7,10,8,8,11,12,10,13,8,25,15,24,33,52,23,20,13,16,15,38,21,17,11,15,15,7,11,9,10,13,17,26,21,22,21,21,26,16,10,19,6,16,4,22,4,21,27,18,11,12,20,15,13,15,20,31,38,41,29,24,12,26,25,11,12,19,10,17,10,8,11,17,43,17,28,5,10,16,2,7,11,23,22,9,7,5,8,21,7,5,9,6,16,5,1,13,10,28,6,4,10,12,7,9,11,3,7,7,3,11,4,5,5,3,4,6,4,4,1,3,9,2,3,3,3,3,22,5,2,4,1,1,8,2,5,1,3,6,5,5,2,4,5,8,13,3,13,7,14,8,9,10,10,4,9,15,13,8,9,9,7,16,6,16,14,3,18,84,8,13,8,11,11,8,12,6,4,18,10,8,6,7,10,9,6,11,10
88,2,3,4,3,0,0,2,3,2,4,0,1,2,14,5,1,0,2,2,4,1,3,5,0,1,2,3,1,1,2,2,0,5,5,1,1,2,1,3,3,1,6,2,1,5,7,6,3,6,4,7,4,0,9,2,3,3,6,5,3,3,6,4,3,2,0,2,1,5,3,8,2,4,5,2,5,3,7,3,5,5,4,6,12,3,3,5,13,13,5,1,9,10,7,6,7,4,8,5,7,5,4,2,5,2,4,3,7,9,5,8,1,1,0,8,2,7,2,4,4,8,5,9,3,1,10,4,12,6,14,8,3,11,4,6,4,1,5,1,1,2,4,1,3,5,0,0,1,0,3,9,2,6,3,1,4,4,4,3,2,1,3,3,1,12,1,7,5,5,4,2,4,1,5,3,9,6,4,0,2,4,2,1,5,1,8,3,2,2,2,5,3,2,4,0,1,1,6,1,5,2,2,3,3,0,4,2,5,0,2,2,1,7,7,3,1,2,7,3,2,0,1,2,1,0,1,4,5,7,6,2,2,3,5,2,2,5,4,2,4,4,0,2,3,0,4,1,2,5,0,0,3,0,1
89,1020,1055,1283,1308,1413,1164,1189,1009,921,1448,951,1065,983,991,837,941,922,668,1099,845,1016,904,907,852,972,741,1101,826,626,716,717,553,801,860,488,758,703,720,975,489,351,498,418,339,488,394,343,371,336,316,313,350,244,340,348,288,298,297,289,311,309,314,347,289,225,273,283,261,271,328,276,285,296,190,292,250,244,324,231,263,239,287,268,276,360,248,291,285,216,318,274,230,249,256,281,272,235,227,295,270,180,257,196,186,279,242,283,232,234,218,244,199,172,200,189,205,265,214,228,371,231,277,251,273,215,263,386,280,276,281,195,278,349,340,306,334,254,225,315,252,286,281,301,280,275,288,230,296,285,257,239,266,233,299,337,310,360,388,372,406,314,371,323,391,467,483,427,413,431,444,480,475,351,467,406,370,424,394,492,514,514,651,823,510,483,510,601,1121,718,686,808,607,666,897,964,655,584,500,429,676,543,540,660,569,562,660,576,619,983,388,556,548,409,556,543,480,411,466,510,531,665,470,575,382,484,510,496,543,619,1302,459,930,287,511,527,617,567,739,922,714,570,628,716,686,1206,705,1032,1176,1235,1386,1628,1367,1319,1010
90,883,958,911,727,686,752,744,809,739,815,812,779,857,864,714,766,667,700,822,747,836,813,827,807,771,713,835,743,567,713,756,800,831,855,857,831,911,788,767,601,431,628,648,619,611,631,578,581,550,599,541,425,289,348,431,432,427,427,386,481,479,464,469,396,250,384,373,428,399,411,351,325,467,380,378,314,326,497,534,543,451,467,445,431,587,370,442,381,344,441,419,450,451,484,490,450,445,431,451,375,317,430,460,430,384,465,478,517,476,470,504,441,414,446,431,406,358,439,486,408,446,404,408,405,369,367,380,409,395,428,390,391,429,405,427,448,354,317,374,414,370,460,473,427,448,417,484,424,408,375,397,452,403,400,402,608,448,458,424,362,327,366,431,356,490,460,404,473,391,409,572,515,369,575,474,530,501,502,357,403,426,452,455,603,505,437,441,631,521,643,436,599,501,264,353,283,329,326,299,258,289,316,981,483,306,305,268,611,290,529,943,1060,950,1175,1031,833,697,854,700,610,559,726,1335,698,793,779,722,765,685,941,1009,463,561,714,524,532,672,663,787,725,366,310,418,410,423,395,728,778,738,516,618,515,695,597
91,1092,1039,1035,973,938,956,1249,917,937,1106,981,1008,1001,1121,1043,1041,868,1019,977,922,981,1099,1090,967,1027,987,1025,1401,877,1057,1061,922,986,1064,881,890,1043,951,1100,955,816,1001,958,942,1020,956,858,973,913,916,1005,799,630,951,913,831,885,884,813,877,822,831,813,702,585,779,749,728,714,784,812,734,864,698,767,713,861,1060,1156,995,1023,1034,1012,1138,1271,990,1103,1014,932,1043,1158,1092,988,1077,1085,1026,1034,1119,1161,1083,913,1269,1123,1175,1351,1248,1258,1339,1705,1688,1743,1870,1701,1960,1567,1476,1498,1417,1399,1321,1254,1289,1431,1351,1175,1202,1343,1198,1205,1299,1114,1193,1251,1219,1430,1329,1245,1329,1569,1438,1264,1596,1311,1234,1333,1335,1206,1322,1061,1253,1214,1102,1222,1163,1383,1263,1547,1244,1256,1255,1023,1272,1366,997,1272,1366,1161,1277,1409,1326,1588,1544,1200,1878,1648,1900,1488,1584,1407,1434,1157,1132,1518,1264,1135,1414,1499,1530,1477,1438,1326,1518,1493,1285,1351,1346,1136,1456,1577,1603,1755,1823,1674,1564,1395,1221,1197,1245,1302,1357,924,1239,1069,1131,906,741,1058,831,886,816,593,604,762,521,540,536,580,428,596,611,441,427,366,700,610,513,422,565,462,556,524,420,521,441,399,437,419,401,524,617,529,460,469,349
92,1,3,2,2,0,0,2,4,1,0,0,3,1,1,0,3,1,2,1,2,8,0,1,2,3,0,3,1,1,0,3,0,0,9,3,0,5,2,0,3,3,4,7,5,2,7,10,3,2,9,18,6,5,7,14,3,5,8,6,3,6,2,7,2,1,5,2,1,1,4,4,10,2,3,2,2,6,2,3,3,2,5,8,3,8,3,4,9,0,3,3,13,7,3,8,5,8,4,10,5,6,4,7,3,5,4,7,4,7,7,9,7,3,6,5,3,6,6,5,9,4,3,6,7,5,15,11,4,15,4,2,5,6,17,15,33,15,19,21,22,20,36,22,27,27,15,10,19,10,17,14,9,18,15,6,9,5,13,6,14,8,13,12,5,23,5,8,16,21,8,9,12,14,8,16,7,21,16,17,34,5,10,12,14,12,14,11,8,20,11,8,8,18,31,33,34,26,25,13,7,12,22,12,15,33,65,44,43,52,14,18,39,72,20,14,103,49,15,54,35,32,27,31,62,22,30,45,23,23,19,33,43,27,29,65,35,68,114,192,95,27,84,31,24,58,38,25,71,131,56,34,44,32,55
93,59,58,86,73,90,89,99,90,80,132,82,86,83,76,94,123,107,101,128,117,120,129,115,105,178,80,127,101,90,92,92,96,115,93,83,69,80,85,107,93,88,76,82,60,85,99,97,102,94,104,97,83,41,76,74,56,72,82,63,79,69,89,96,71,57,59,64,66,56,83,48,45,55,65,71,47,45,75,61,63,102,65,66,81,45,42,66,63,44,79,56,53,59,65,54,55,45,65,81,62,32,74,78,75,67,89,82,91,75,82,118,99,66,88,63,67,74,84,93,76,60,84,79,77,56,63,47,48,52,48,53,48,49,35,49,25,31,34,49,48,36,42,47,37,46,35,29,36,31,29,61,49,57,45,38,40,25,32,28,33,14,17,36,31,44,12,45,27,29,39,43,27,41,29,20,36,31,46,33,39,19,45,47,105,49,64,106,61,83,104,54,61,51,71,61,37,32,48,50,30,60,82,22,26,30,37,60,46,20,54,71,74,74,70,85,52,45,52,59,28,20,38,59,70,68,37,43,61,18,22,36,45,18,26,32,35,33,33,17,24,17,22,44,21,18,31,32,44,76,44,43,50,23,35
94,15,10,22,21,15,16,19,25,17,21,19,22,9,21,21,22,19,20,19,20,12,26,18,21,16,9,19,28,15,25,23,19,21,17,16,7,11,15,21,19,18,20,29,20,16,23,16,9,24,30,24,7,9,21,19,18,22,17,20,38,13,20,28,12,24,16,20,31,22,19,8,25,22,18,21,23,11,18,25,17,174,13,21,27,23,24,22,33,22,23,20,22,28,34,31,30,28,25,36,44,43,21,46,35,40,35,13,14,13,12,72,15,18,23,12,13,66,15,14,10,12,19,16,26,7,14,25,28,27,22,39,4,24,36,20,11,1,3,13,17,13,16,13,16,22,13,12,8,16,2,11,12,15,16,12,11,6,9,9,6,3,3,6,10,16,22,10,7,10,26,12,10,12,7,1,8,9,0,8,12,2,9,16,68,27,59,43,50,53,62,112,29,76,98,115,69,41,63,136,54,101,113,50,39,28,64,101,122,26,92,85,86,87,130,93,55,64,63,80,39,25,94,56,126,115,91,64,22,6,8,13,12,14,6,24,23,5,14,6,4,4,5,17,7,3,10,14,17,27,22,14,19,10,22
95,1,0,2,0,1,0,0,0,1,1,1,0,1,0,2,1,0,0,0,0,2,1,2,1,1,0,2,0,0,0,1,0,1,2,1,0,0,0,1,3,0,0,0,0,1,1,2,2,0,0,3,0,1,1,0,0,0,5,0,1,1,0,2,1,0,0,0,0,0,0,3,0,0,1,1,1,0,2,0,1,2,0,0,2,7,2,1,0,1,1,1,2,0,2,1,0,1,0,1,1,1,1,1,1,4,2,2,3,3,6,2,8,1,1,2,0,3,2,0,1,1,0,0,1,1,1,0,1,0,1,3,3,4,1,0,1,1,1,2,4,1,0,0,2,0,0,4,1,2,1,0,0,3,2,2,1,3,0,1,0,4,0,1,0,0,5,0,2,0,0,1,0,0,1,0,1,0,0,2,0,3,0,0,0,0,1,0,0,1,0,1,3,0,0,2,0,0,0,0,0,0,0,0,0,0,0,0,1,0,0,0,7,0,1,1,1,1,2,2,1,0,0,1,0,1,0,0,0,0,0,0,0,0,0,0,0,0,0,0,1,0,1,0,1,0,1,0,0,0,1,0,0,0,2
96,0,0,0,0,0,0,0,0,0,0,0,0,0,0,0,0,0,0,0,0,0,0,0,0,0,0,0,0,0,0,0,0,0,0,0,0,0,0,0,0,0,0,0,0,0,0,0,0,0,0,0,0,0,0,0,0,0,0,0,0,0,0,0,0,0,0,0,0,0,0,0,0,0,0,0,0,0,0,0,0,0,0,0,0,0,0,0,0,0,0,0,0,0,0,0,0,0,0,0,0,0,0,0,0,0,0,0,0,0,0,0,0,0,0,0,0,0,0,0,0,0,0,0,0,0,0,0,0,0,0,0,0,0,0,0,0,0,0,0,0,0,0,0,0,0,0,0,0,0,0,0,0,0,0,0,0,0,0,0,0,0,0,0,0,0,0,0,0,0,0,0,0,0,0,0,0,0,0,0,0,0,0,0,0,0,0,0,0,0,0,0,0,0,0,0,0,0,0,0,0,0,0,0,0,0,0,0,0,0,0,0,0,0,0,0,0,0,0,0,0,0,0,0,0,0,0,0,0,0,0,0,0,0,0,0,0,0,0,0,0,0,0,0,0,0,0,0,0,0,0,0,0,0,0
97,0,0,0,0,0,0,0,0,0,0,0,0,0,0,0,0,0,0,0,0,0,0,0,0,0,0,0,0,0,0,0,0,0,0,0,0,0,0,0,0,0,0,0,0,0,0,0,0,0,0,0,0,0,0,0,0,0,0,0,0,0,0,0,0,0,0,0,0,0,0,0,0,0,0,0,0,0,0,0,0,0,0,0,0,0,0,0,0,0,0,0,0,0,0,0,0,0,0,0,0,0,0,0,0,0,0,0,0,0,0,0,0,0,0,0,0,0,0,0,0,0,0,0,0,0,0,0,0,0,0,0,0,0,0,0,0,0,0,0,0,0,0,0,0,0,0,0,0,0,0,0,0,0,0,0,0,0,0,0,0,0,0,0,0,0,0,0,0,0,0,0,0,0,0,0,0,0,0,0,0,0,0,0,0,0,0,0,0,0,0,0,0,0,0,0,0,0,0,0,0,0,0,0,0,0,0,0,0,0,0,0,0,0,0,0,0,0,0,0,0,0,0,0,0,0,0,0,0,0,0,0,0,0,0,0,0,0,0,0,0,0,0,0,0,0,0,0,0,0,0,0,0,0,0
98,18,9,9,11,9,7,5,4,6,9,8,3,12,13,6,6,10,9,18,6,10,6,11,7,9,5,6,10,6,13,13,6,7,15,12,10,11,12,18,18,36,8,13,11,19,26,6,18,16,15,14,15,18,20,8,23,21,17,9,15,8,11,19,8,14,13,11,13,16,12,9,5,16,9,10,31,15,11,7,10,8,2,13,12,18,19,14,17,13,28,12,20,23,14,16,13,11,7,18,14,19,12,26,20,50,38,28,24,29,18,27,35,17,24,31,28,29,31,20,29,36,15,45,43,43,34,23,37,34,47,43,36,37,29,34,114,11,37,32,41,47,37,47,35,35,36,34,22,13,22,11,7,10,11,13,14,22,13,9,6,4,10,20,13,15,10,12,13,11,11,11,6,7,5,11,16,36,75,20,54,27,25,35,20,4,25,18,8,19,24,16,18,29,14,36,13,17,36,31,38,41,36,73,32,35,47,34,47,17,60,59,163,27,58,67,21,63,49,63,34,35,91,60,55,76,55,70,60,64,58,70,23,16,67,38,63,66,35,45,41,57,38,61,35,28,91,66,62,85,103,59,57,83,48
99,0,0,0,0,0,0,0,0,0,0,0,0,0,0,0,0,0,0,0,0,0,0,0,0,0,0,0,0,0,0,0,0,0,0,0,0,0,0,0,0,0,0,0,0,0,0,0,0,0,0,0,0,0,0,0,0,0,0,0,0,0,0,0,0,0,0,0,0,0,0,0,0,0,0,0,0,0,0,0,0,0,0,0,0,0,0,0,0,0,0,0,0,0,0,0,0,0,0,0,0,0,0,0,0,0,0,0,0,0,0,0,0,0,0,0,0,0,0,0,0,0,0,0,0,0,0,0,0,0,0,0,0,0,0,0,0,0,0,0,0,0,0,0,0,0,0,0,0,0,0,0,0,0,0,0,0,0,0,0,0,0,0,0,0,0,0,0,0,0,0,0,0,0,0,0,0,0,0,0,0,0,0,0,0,0,0,0,0,0,0,0,0,0,0,0,0,0,0,0,0,0,0,0,0,0,0,0,0,0,0,0,0,0,0,0,0,0,0,0,0,0,0,0,0,0,0,0,0,0,0,0,0,0,0,0,0,0,0,0,0,0,0,0,0,0,0,0,0,0,0,0,0,0,0
100,0,0,0,0,0,0,0,0,0,0,0,0,0,0,0,0,0,0,0,0,0,0,0,0,0,0,0,0,0,0,0,0,0,0,0,0,0,0,0,0,0,0,0,0,0,0,0,0,0,0,0,0,0,0,0,0,0,0,0,0,0,0,0,0,0,0,0,0,0,0,0,0,0,0,0,0,0,0,0,0,0,0,0,0,0,0,0,0,0,0,0,0,0,0,0,0,0,0,0,0,0,0,0,0,0,0,0,0,0,0,0,0,0,0,0,0,0,0,0,0,0,0,0,0,0,0,0,0,0,0,0,0,0,0,0,0,0,0,0,0,0,0,0,0,0,0,0,0,0,0,0,0,0,0,0,0,0,0,0,0,0,0,0,0,0,0,0,0,0,0,0,0,0,0,0,0,0,0,0,0,0,0,0,0,0,0,0,0,0,0,0,0,0,0,0,0,0,0,0,0,0,0,0,0,0,0,0,0,0,0,0,0,0,0,0,0,0,0,0,0,0,0,0,0,0,0,0,0,0,0,0,0,0,0,0,0,0,0,0,0,0,0,0,0,0,0,0,0,0,0,0,0,0,0
101,1,2,3,5,1,3,5,5,1,7,1,1,2,4,0,0,0,1,6,1,4,3,1,1,3,2,1,4,1,4,3,2,2,2,0,1,2,0,2,0,0,0,0,0,1,0,1,0,2,0,3,0,0,1,0,0,0,0,0,1,0,0,0,0,0,0,0,0,0,0,0,0,1,0,1,0,0,0,0,1,1,0,1,1,0,1,0,2,1,0,0,1,0,0,1,0,0,0,0,0,1,3,2,1,0,7,1,0,1,1,0,2,3,0,0,2,3,2,3,2,1,4,0,1,8,1,0,1,4,2,0,3,2,0,2,17,0,1,3,2,1,1,9,0,1,3,10,1,3,25,4,2,0,3,3,2,5,7,5,0,1,1,5,6,4,4,3,2,2,0,0,1,3,1,2,0,3,2,2,0,2,1,4,0,1,1,1,2,4,1,0,0,0,4,2,4,0,2,1,1,3,3,3,3,1,0,5,2,2,5,3,1,5,4,4,7,4,5,4,4,3,8,7,6,2,9,5,2,14,5,13,1,0,6,5,3,8,3,3,10,3,4,11,4,0,5,4,4,6,12,5,7,11,8
102,0,0,0,1,0,0,0,0,0,0,0,2,1,2,0,1,1,0,1,0,0,0,0,0,0,1,0,0,0,0,0,0,0,1,0,0,0,0,0,0,0,0,0,1,4,5,3,2,5,0,0,1,0,0,0,0,0,0,0,0,0,0,0,0,0,0,0,0,1,0,0,0,1,1,0,0,1,0,0,0,0,0,0,0,0,0,0,0,0,0,0,0,0,0,0,0,0,0,0,0,0,0,0,0,0,0,0,0,0,0,0,0,0,0,0,0,0,0,1,0,0,0,0,0,0,0,0,0,0,0,0,0,0,0,0,0,0,2,0,0,0,0,0,1,0,0,0,0,0,0,0,0,0,0,0,0,0,0,0,0,0,0,0,1,0,0,0,0,0,0,0,0,0,0,0,0,1,0,1,0,1,0,0,0,0,1,0,0,0,0,0,0,0,0,1,0,0,0,0,0,0,0,0,0,1,0,0,0,0,0,0,0,0,0,0,0,0,0,0,0,0,0,0,0,0,0,0,0,0,0,0,0,0,0,0,0,0,0,0,0,0,0,0,0,0,0,0,0,0,0,0,0,0,0
103,19,24,17,25,20,37,26,21,23,21,43,33,22,24,30,37,33,46,59,20,45,47,40,43,40,36,46,44,37,113,69,71,68,17,8,6,4,3,13,2,11,5,11,5,18,7,16,16,13,13,14,11,6,14,13,14,30,12,10,14,8,12,17,10,5,8,7,8,9,15,24,15,17,16,12,2,7,10,15,13,32,20,6,11,11,18,32,7,15,18,8,6,9,7,10,5,5,8,12,5,7,16,7,8,15,12,7,8,12,11,11,13,6,10,11,10,12,9,12,8,7,9,9,8,17,13,5,14,4,10,16,4,10,8,6,5,7,6,6,7,5,7,9,11,18,6,4,12,1,4,7,6,12,5,6,3,5,5,11,6,5,13,16,25,12,15,56,7,0,3,4,5,2,1,5,4,3,5,7,3,5,12,7,5,8,10,15,2,11,7,3,1,5,5,1,1,2,11,2,6,7,13,20,9,9,7,5,6,3,9,4,13,10,9,36,34,12,6,5,14,10,3,8,4,11,24,17,17,11,24,14,12,7,16,10,6,49,14,23,40,55,21,10,18,12,19,38,56,41,25,12,19,13,9
104,0,2,0,0,1,1,1,0,0,0,1,3,0,0,1,0,1,0,0,2,2,3,2,2,1,1,2,1,2,1,0,0,1,0,4,0,0,0,0,0,1,0,1,0,3,1,0,0,0,2,0,0,0,1,4,0,0,2,3,4,0,1,2,0,3,0,4,2,2,1,2,1,2,0,1,1,0,3,0,0,0,0,0,3,0,0,0,0,0,1,1,3,0,2,0,0,0,1,1,0,0,0,5,1,0,1,5,2,1,1,1,1,1,1,0,1,4,1,0,4,1,3,0,1,2,1,1,1,1,1,1,0,5,1,2,0,0,1,1,1,0,1,2,41,2,0,1,1,1,0,2,0,0,0,2,3,1,1,0,2,0,0,0,0,0,1,1,1,0,0,0,1,0,2,0,1,1,1,0,0,0,1,1,0,0,0,1,0,7,2,0,0,1,2,3,1,1,3,0,2,2,2,1,1,2,1,4,4,0,1,4,2,2,2,6,8,3,1,1,3,14,0,5,2,4,0,3,0,2,15,11,5,2,20,2,8,2,1,2,6,6,8,5,12,1,10,7,9,3,3,8,4,5,21
105,5,11,8,12,12,1,3,3,5,15,11,1,8,8,18,16,4,13,6,7,15,8,11,2,6,7,5,10,4,6,4,1,4,14,12,25,30,8,13,5,31,24,31,32,14,12,19,21,30,11,13,3,10,27,10,14,13,23,15,21,40,22,20,8,7,25,27,5,21,12,19,16,30,24,13,6,8,32,17,17,16,19,11,8,36,28,24,3,5,16,21,20,13,31,22,14,26,17,15,5,3,25,32,14,19,19,28,13,29,22,19,11,6,23,17,23,29,36,45,55,14,16,14,19,10,32,14,26,18,17,35,34,39,24,36,34,26,53,16,31,20,36,21,12,41,20,30,36,4,30,28,9,11,18,14,21,37,26,19,10,5,23,12,31,23,12,12,8,16,10,13,13,7,14,19,1,18,13,12,13,5,12,22,5,14,7,12,22,23,41,5,15,4,27,19,36,11,34,25,17,14,20,15,11,10,20,17,14,13,9,7,12,7,14,4,7,16,7,12,13,7,10,11,7,8,9,13,7,3,13,7,13,1,5,14,23,21,7,16,11,12,7,9,9,9,13,20,15,29,15,20,10,9,10
106,232,266,253,262,246,307,390,447,280,332,259,276,192,168,176,275,310,320,372,311,253,255,256,271,352,237,451,267,398,465,415,390,297,344,241,334,382,363,414,384,594,448,385,483,461,613,587,635,725,382,479,512,593,724,495,521,467,231,125,165,179,184,203,160,201,194,202,156,162,170,184,179,214,250,260,201,34,70,55,71,204,12,6,9,27,24,10,10,21,22,16,9,18,19,17,16,23,23,18,27,48,21,27,28,13,18,14,8,10,10,19,18,15,20,11,16,16,14,21,15,22,16,18,17,15,12,25,9,10,26,18,19,20,9,10,9,15,12,11,47,21,20,26,18,22,13,26,17,24,41,11,10,30,14,10,5,7,40,7,12,4,11,24,12,15,21,16,21,7,4,15,7,3,9,10,12,10,13,16,15,14,9,13,11,4,11,10,9,4,16,21,24,72,47,32,78,2,9,22,16,29,25,13,16,17,8,14,20,8,4,16,21,39,7,14,15,9,7,10,3,6,11,15,25,11,18,32,10,12,10,8,14,4,10,5,4,16,23,17,22,13,6,13,0,6,6,8,1,7,9,4,4,5,5
107,670,827,817,715,667,691,752,733,765,868,678,786,682,738,726,773,604,681,816,717,780,808,748,715,757,710,710,719,617,750,769,662,758,942,804,781,726,664,851,665,538,813,707,743,756,737,648,642,543,586,691,557,509,614,674,669,627,573,558,537,465,581,604,547,692,761,747,677,685,710,616,580,661,617,779,581,681,592,603,737,673,658,645,604,653,519,611,603,583,523,614,556,554,593,573,553,529,542,666,594,583,647,732,585,693,653,573,573,529,542,559,556,385,538,568,547,561,564,513,584,412,450,524,401,410,553,476,507,484,541,508,550,493,493,531,501,437,445,507,462,502,538,484,530,648,553,457,435,360,443,506,419,448,417,457,438,467,468,440,422,326,377,417,385,431,473,387,412,401,324,378,315,208,345,297,356,355,335,284,339,319,300,327,308,190,315,302,312,390,369,357,299,284,317,336,261,274,292,346,335,304,360,306,345,294,296,310,335,278,274,302,411,426,321,347,338,300,317,280,286,239,288,299,207,193,276,197,197,202,215,238,292,169,264,263,233,264,258,273,237,291,263,255,242,179,287,329,290,229,258,275,239,239,245